Date and Time,"power MIN, kW","power GUESS, kW","power MAX, kW","annualised consumption MIN, GWh","annualised consumption GUESS, GWh","annualised consumption MAX, GWh"
2021-12-12T00:00:00,66.0005,202.4875,484.8596,0.5786,1.775,4.2503
2021-12-13T00:00:00,65.4855,200.9034,481.0347,0.574,1.7611,4.2168
2021-12-14T00:00:00,65.8819,202.1162,483.9265,0.5775,1.7718,4.2421
2021-12-15T00:00:00,66.6386,204.4301,489.4689,0.5842,1.792,4.2907
2021-12-16T00:00:00,67.3218,206.521,494.4748,0.5901,1.8104,4.3346
2021-12-17T00:00:00,67.4957,207.0556,495.7405,0.5917,1.815,4.3457
2021-12-18T00:00:00,67.5382,207.186,496.0417,0.592,1.8162,4.3483
2021-12-19T00:00:00,67.7997,207.9846,497.9309,0.5943,1.8232,4.3649
2021-12-20T00:00:00,68.3135,209.5589,501.6868,0.5988,1.837,4.3978
2021-12-21T00:00:00,68.684,210.6941,504.3931,0.6021,1.8469,4.4215
2021-12-22T00:00:00,68.93,211.4532,506.1943,0.6042,1.8536,4.4373
2021-12-23T00:00:00,68.9316,211.4677,506.2063,0.6043,1.8537,4.4374
2021-12-24T00:00:00,69.2251,212.3671,508.3495,0.6068,1.8616,4.4562
2021-12-25T00:00:00,69.6353,213.6245,511.3506,0.6104,1.8726,4.4825
2021-12-26T00:00:00,70.118,215.1071,514.8932,0.6147,1.8856,4.5136
2021-12-27T00:00:00,71.2139,218.468,522.9364,0.6243,1.9151,4.5841
2021-12-28T00:00:00,71.5444,219.4857,525.3553,0.6272,1.924,4.6053
2021-12-29T00:00:00,71.5194,219.41,525.1541,0.6269,1.9233,4.6035
2021-12-30T00:00:00,71.737,220.0773,526.7413,0.6288,1.9292,4.6174
2021-12-31T00:00:00,71.6824,219.9147,526.3385,0.6284,1.9278,4.6139
2022-01-01T00:00:00,71.43,219.1488,524.4877,0.6262,1.9211,4.5977
2022-01-02T00:00:00,71.1882,218.417,522.7178,0.624,1.9146,4.5821
2022-01-03T00:00:00,70.46,216.1898,517.3674,0.6177,1.8951,4.5352
2022-01-04T00:00:00,70.2793,215.644,516.0532,0.6161,1.8903,4.5237
2022-01-05T00:00:00,70.2401,215.5356,515.7867,0.6157,1.8894,4.5214
2022-01-06T00:00:00,70.2576,215.6038,515.9399,0.6159,1.89,4.5227
2022-01-07T00:00:00,70.383,216.0053,516.8951,0.617,1.8935,4.5311
2022-01-08T00:00:00,70.3094,215.7903,516.3706,0.6163,1.8916,4.5265
2022-01-09T00:00:00,70.3117,215.7997,516.3889,0.6164,1.8917,4.5267
2022-01-10T00:00:00,70.2175,215.5134,515.6987,0.6155,1.8892,4.5206
2022-01-11T00:00:00,70.0877,215.118,514.7462,0.6144,1.8857,4.5123
2022-01-12T00:00:00,69.9892,214.8153,514.0172,0.6135,1.8831,4.5059
2022-01-13T00:00:00,69.8656,214.425,513.084,0.6124,1.8796,4.4977
2022-01-14T00:00:00,69.9546,214.6829,513.7034,0.6132,1.8819,4.5031
2022-01-15T00:00:00,70.348,215.8841,516.5854,0.6167,1.8924,4.5284
2022-01-16T00:00:00,70.56,216.5324,518.1392,0.6185,1.8981,4.542
2022-01-17T00:00:00,70.8052,217.2849,519.9399,0.6207,1.9047,4.5578
2022-01-18T00:00:00,71.0135,217.922,521.4636,0.6225,1.9103,4.5712
2022-01-19T00:00:00,71.0732,218.1082,521.9053,0.623,1.9119,4.575
2022-01-20T00:00:00,71.3224,218.876,523.739,0.6252,1.9187,4.5911
2022-01-21T00:00:00,70.7531,217.1309,519.5593,0.6202,1.9034,4.5545
2022-01-22T00:00:00,70.5408,216.4797,517.9909,0.6184,1.8977,4.5407
2022-01-23T00:00:00,70.5626,216.5418,518.134,0.6186,1.8982,4.542
2022-01-24T00:00:00,70.53,216.4304,517.8631,0.6183,1.8972,4.5396
2022-01-25T00:00:00,70.9963,217.8475,521.2579,0.6224,1.9097,4.5693
2022-01-26T00:00:00,71.5024,219.3815,524.9283,0.6268,1.9231,4.6015
2022-01-27T00:00:00,73.1575,224.4372,537.0464,0.6413,1.9674,4.7077
2022-01-28T00:00:00,75.5322,231.7058,554.4578,0.6621,2.0311,4.8604
2022-01-29T00:00:00,77.2951,237.0933,567.3858,0.6776,2.0784,4.9737
2022-01-30T00:00:00,78.3706,240.3768,575.2757,0.687,2.1071,5.0429
2022-01-31T00:00:00,78.9614,242.1728,579.6363,0.6922,2.1229,5.0811
2022-02-01T00:00:00,75.8687,232.6886,556.9986,0.6651,2.0397,4.8826
2022-02-02T00:00:00,76.0097,233.1274,558.0968,0.6663,2.0436,4.8923
2022-02-03T00:00:00,74.1778,227.5212,544.6882,0.6502,1.9945,4.7747
2022-02-04T00:00:00,73.9061,226.6919,542.7243,0.6479,1.9872,4.7575
2022-02-05T00:00:00,73.3044,224.8495,538.316,0.6426,1.971,4.7189
2022-02-06T00:00:00,72.8036,223.3248,534.6583,0.6382,1.9577,4.6868
2022-02-07T00:00:00,72.6006,222.7261,533.178,0.6364,1.9524,4.6738
2022-02-08T00:00:00,75.842,232.674,556.9353,0.6648,2.0396,4.8821
2022-02-09T00:00:00,75.9953,233.146,558.033,0.6662,2.0438,4.8917
2022-02-10T00:00:00,76.7347,235.4179,563.4517,0.6727,2.0637,4.9392
2022-02-11T00:00:00,75.9611,233.0555,557.7639,0.6659,2.043,4.8894
2022-02-12T00:00:00,76.734,235.4194,563.4187,0.6727,2.0637,4.9389
2022-02-13T00:00:00,76.1397,233.6189,559.0758,0.6674,2.0479,4.9009
2022-02-14T00:00:00,75.3633,231.2672,553.4098,0.6606,2.0273,4.8512
2022-02-15T00:00:00,74.8652,229.7633,549.7801,0.6563,2.0141,4.8194
2022-02-16T00:00:00,74.4769,228.6005,546.9706,0.6529,2.0039,4.7947
2022-02-17T00:00:00,74.1694,227.6834,544.7534,0.6502,1.9959,4.7753
2022-02-18T00:00:00,73.866,226.7788,542.571,0.6475,1.9879,4.7562
2022-02-19T00:00:00,72.5153,222.6786,532.7176,0.6357,1.952,4.6698
2022-02-20T00:00:00,73.0135,224.2067,536.3779,0.64,1.9654,4.7019
2022-02-21T00:00:00,73.8762,226.839,542.6939,0.6476,1.9885,4.7573
2022-02-22T00:00:00,74.3746,228.3612,546.3476,0.652,2.0018,4.7893
2022-02-23T00:00:00,74.9494,230.1111,550.5427,0.657,2.0172,4.8261
2022-02-24T00:00:00,75.1499,230.7121,551.9755,0.6588,2.0224,4.8386
2022-02-25T00:00:00,75.2668,231.0642,552.8091,0.6598,2.0255,4.8459
2022-02-26T00:00:00,75.4361,231.5773,554.0284,0.6613,2.03,4.8566
2022-02-27T00:00:00,75.6401,232.1983,555.5086,0.6631,2.0355,4.8696
2022-02-28T00:00:00,75.8037,232.7018,556.7043,0.6645,2.0399,4.8801
2022-03-01T00:00:00,75.9368,233.1079,557.6682,0.6657,2.0434,4.8885
2022-03-02T00:00:00,75.9395,233.1177,557.6813,0.6657,2.0435,4.8886
2022-03-03T00:00:00,75.9169,233.0484,557.5211,0.6655,2.0429,4.8872
2022-03-04T00:00:00,76.0376,233.4082,558.3931,0.6665,2.0461,4.8949
2022-03-05T00:00:00,76.3864,234.4649,560.9413,0.6696,2.0553,4.9172
2022-03-06T00:00:00,76.6553,235.2822,562.9104,0.672,2.0625,4.9345
2022-03-07T00:00:00,77.0175,236.3858,565.5632,0.6751,2.0722,4.9577
2022-03-08T00:00:00,77.4461,237.694,568.7006,0.6789,2.0836,4.9852
2022-03-09T00:00:00,78.006,239.4058,572.8083,0.6838,2.0986,5.0212
2022-03-10T00:00:00,78.8961,242.1307,579.3353,0.6916,2.1225,5.0785
2022-03-11T00:00:00,79.6281,244.375,584.7062,0.698,2.1422,5.1255
2022-03-12T00:00:00,80.4264,246.8281,590.5713,0.705,2.1637,5.1769
2022-03-13T00:00:00,80.8884,248.2528,593.9673,0.7091,2.1762,5.2067
2022-03-14T00:00:00,81.2506,249.3628,596.6145,0.7122,2.1859,5.2299
2022-03-15T00:00:00,81.4872,250.0876,598.3416,0.7143,2.1923,5.2451
2022-03-16T00:00:00,81.4372,249.9325,597.9592,0.7139,2.1909,5.2417
2022-03-17T00:00:00,81.3346,249.6248,597.2088,0.713,2.1882,5.2351
2022-03-18T00:00:00,81.2105,249.2443,596.2884,0.7119,2.1849,5.2271
2022-03-19T00:00:00,80.7935,247.9611,593.2042,0.7082,2.1736,5.2
2022-03-20T00:00:00,80.5628,247.2469,591.4877,0.7062,2.1674,5.185
2022-03-21T00:00:00,80.3942,246.722,590.2244,0.7047,2.1628,5.1739
2022-03-22T00:00:00,80.3373,246.5435,589.7887,0.7042,2.1612,5.1701
2022-03-23T00:00:00,80.3751,246.654,590.0485,0.7046,2.1622,5.1724
2022-03-24T00:00:00,80.3526,246.5785,589.8653,0.7044,2.1615,5.1708
2022-03-25T00:00:00,80.3167,246.4639,589.5839,0.7041,2.1605,5.1683
2022-03-26T00:00:00,80.5589,247.2071,591.3589,0.7062,2.167,5.1839
2022-03-27T00:00:00,80.7368,247.7522,592.6545,0.7077,2.1718,5.1952
2022-03-28T00:00:00,80.7893,247.9214,593.0475,0.7082,2.1733,5.1987
2022-03-29T00:00:00,83.0059,254.7168,609.3341,0.7276,2.2328,5.3414
2022-03-30T00:00:00,83.1659,255.1903,610.5191,0.729,2.237,5.3518
2022-03-31T00:00:00,82.8517,254.2065,608.2234,0.7263,2.2284,5.3317
2022-04-01T00:00:00,82.6464,253.564,606.7384,0.7245,2.2227,5.3187
2022-04-02T00:00:00,82.2239,252.2603,603.6652,0.7208,2.2113,5.2917
2022-04-03T00:00:00,81.9552,251.426,601.7189,0.7184,2.204,5.2747
2022-04-04T00:00:00,82.9413,254.4417,608.9911,0.7271,2.2304,5.3384
2022-04-05T00:00:00,81.7078,250.6637,599.9582,0.7163,2.1973,5.2592
2022-04-06T00:00:00,81.7191,250.7131,600.0427,0.7163,2.1978,5.26
2022-04-07T00:00:00,81.8412,251.1086,600.9354,0.7174,2.2012,5.2678
2022-04-08T00:00:00,81.7654,250.8975,600.3841,0.7168,2.1994,5.263
2022-04-09T00:00:00,81.7908,250.985,600.5522,0.717,2.2001,5.2644
2022-04-10T00:00:00,81.8808,251.2653,601.1854,0.7178,2.2026,5.27
2022-04-11T00:00:00,80.6291,247.4365,591.9738,0.7068,2.169,5.1892
2022-04-12T00:00:00,78.1129,239.7495,573.5407,0.6847,2.1016,5.0277
2022-04-13T00:00:00,79.3324,243.5027,582.5374,0.6954,2.1345,5.1065
2022-04-14T00:00:00,79.6893,244.5994,585.172,0.6986,2.1442,5.1296
2022-04-15T00:00:00,80.1668,246.0611,588.6848,0.7027,2.157,5.1604
2022-04-16T00:00:00,80.6081,247.4133,591.9349,0.7066,2.1688,5.1889
2022-04-17T00:00:00,81.0828,248.8771,595.4517,0.7108,2.1817,5.2197
2022-04-18T00:00:00,81.6486,250.6115,599.6242,0.7157,2.1969,5.2563
2022-04-19T00:00:00,83.6934,256.8487,614.5768,0.7337,2.2515,5.3874
2022-04-20T00:00:00,82.8389,254.2187,608.2714,0.7262,2.2285,5.3321
2022-04-21T00:00:00,83.0872,254.9788,610.0941,0.7283,2.2351,5.3481
2022-04-22T00:00:00,83.3764,255.8677,612.2211,0.7309,2.2429,5.3667
2022-04-23T00:00:00,83.5539,256.4095,613.5161,0.7324,2.2477,5.3781
2022-04-24T00:00:00,83.666,256.7513,614.3297,0.7334,2.2507,5.3852
2022-04-25T00:00:00,83.8032,257.1762,615.3399,0.7346,2.2544,5.3941
2022-04-26T00:00:00,83.9643,257.6867,616.5494,0.736,2.2589,5.4047
2022-04-27T00:00:00,84.1644,258.3055,618.0213,0.7378,2.2643,5.4176
2022-04-28T00:00:00,84.1358,258.2131,617.7875,0.7375,2.2635,5.4155
2022-04-29T00:00:00,84.138,258.2179,617.7889,0.7376,2.2635,5.4155
2022-04-30T00:00:00,84.3358,258.8289,619.2411,0.7393,2.2689,5.4283
2022-05-01T00:00:00,84.4385,259.1464,619.9946,0.7402,2.2717,5.4349
2022-05-02T00:00:00,84.6288,259.7331,621.3913,0.7419,2.2768,5.4471
2022-05-03T00:00:00,84.6622,259.8279,621.6145,0.7421,2.2777,5.4491
2022-05-04T00:00:00,84.6874,259.9103,621.8001,0.7424,2.2784,5.4507
2022-05-05T00:00:00,85.2087,261.518,625.6438,0.7469,2.2925,5.4844
2022-05-06T00:00:00,85.7605,263.2209,629.7107,0.7518,2.3074,5.52
2022-05-07T00:00:00,86.1295,264.3657,632.4411,0.755,2.3174,5.544
2022-05-08T00:00:00,86.5677,265.719,635.6696,0.7589,2.3293,5.5723
2022-05-09T00:00:00,86.832,266.5359,637.6107,0.7612,2.3365,5.5893
2022-05-10T00:00:00,87.203,267.6844,640.3497,0.7644,2.3465,5.6133
2022-05-11T00:00:00,88.4953,271.6434,649.838,0.7757,2.3812,5.6965
2022-05-12T00:00:00,87.942,269.9731,645.813,0.7709,2.3666,5.6612
2022-05-13T00:00:00,86.7653,266.3448,637.1338,0.7606,2.3348,5.5851
2022-05-14T00:00:00,85.6503,262.9055,628.9096,0.7508,2.3046,5.513
2022-05-15T00:00:00,84.5227,259.4291,620.5972,0.7409,2.2742,5.4402
2022-05-16T00:00:00,83.4517,256.1252,612.703,0.7315,2.2452,5.371
2022-05-17T00:00:00,84.4698,259.2682,620.2226,0.7405,2.2727,5.4369
2022-05-18T00:00:00,83.8324,257.3205,615.5756,0.7349,2.2557,5.3961
2022-05-19T00:00:00,84.3326,258.8286,619.2288,0.7393,2.2689,5.4282
2022-05-20T00:00:00,85.6519,262.8868,628.9603,0.7508,2.3045,5.5135
2022-05-21T00:00:00,87.0435,267.1691,639.2293,0.763,2.342,5.6035
2022-05-22T00:00:00,88.072,270.3368,646.8233,0.772,2.3698,5.6701
2022-05-23T00:00:00,89.3363,274.2255,656.1464,0.7831,2.4039,5.7518
2022-05-24T00:00:00,88.3649,271.2214,648.9778,0.7746,2.3775,5.6889
2022-05-25T00:00:00,88.0284,270.1879,646.4904,0.7717,2.3685,5.6671
2022-05-26T00:00:00,88.2116,270.7522,647.8359,0.7733,2.3734,5.6789
2022-05-27T00:00:00,91.8221,281.7933,674.3123,0.8049,2.4702,5.911
2022-05-28T00:00:00,89.3658,274.2436,656.2928,0.7834,2.404,5.7531
2022-05-29T00:00:00,87.4524,268.3664,642.2758,0.7666,2.3525,5.6302
2022-05-30T00:00:00,85.562,262.5668,628.4268,0.75,2.3017,5.5088
2022-05-31T00:00:00,85.5655,262.587,628.498,0.7501,2.3018,5.5094
2022-06-01T00:00:00,84.0266,257.8591,617.2377,0.7366,2.2604,5.4107
2022-06-02T00:00:00,83.9431,257.6051,616.6683,0.7358,2.2582,5.4057
2022-06-03T00:00:00,78.8973,242.1449,579.6779,0.6916,2.1226,5.0815
2022-06-04T00:00:00,79.8359,245.0234,586.5584,0.6998,2.1479,5.1418
2022-06-05T00:00:00,80.9113,248.3232,594.4484,0.7093,2.1768,5.2109
2022-06-06T00:00:00,81.6103,250.4684,599.5837,0.7154,2.1956,5.256
2022-06-07T00:00:00,80.437,246.8563,590.9415,0.7051,2.1639,5.1802
2022-06-08T00:00:00,81.008,248.612,595.1168,0.7101,2.1793,5.2168
2022-06-09T00:00:00,80.4061,246.7566,590.6626,0.7048,2.1631,5.1777
2022-06-10T00:00:00,81.1127,248.9404,595.834,0.711,2.1822,5.2231
2022-06-11T00:00:00,82.1182,252.0342,603.2035,0.7198,2.2093,5.2877
2022-06-12T00:00:00,82.8018,254.1304,608.1846,0.7258,2.2277,5.3313
2022-06-13T00:00:00,83.5512,256.4314,613.6578,0.7324,2.2479,5.3793
2022-06-14T00:00:00,84.6612,259.8438,621.8002,0.7421,2.2778,5.4507
2022-06-15T00:00:00,85.4323,262.2094,627.4299,0.7489,2.2985,5.5001
2022-06-16T00:00:00,85.9625,263.843,631.3072,0.7535,2.3128,5.534
2022-06-17T00:00:00,86.7537,266.2771,637.1047,0.7605,2.3342,5.5849
2022-06-18T00:00:00,87.2321,267.756,640.609,0.7647,2.3471,5.6156
2022-06-19T00:00:00,87.8392,269.6392,645.0779,0.77,2.3637,5.6548
2022-06-20T00:00:00,88.4972,271.6671,649.8967,0.7758,2.3814,5.697
2022-06-21T00:00:00,88.7896,272.5683,652.0198,0.7783,2.3893,5.7156
2022-06-22T00:00:00,89.3213,274.2097,655.9158,0.783,2.4037,5.7498
2022-06-23T00:00:00,89.6689,275.2758,658.4332,0.786,2.4131,5.7718
2022-06-24T00:00:00,89.6251,275.1399,658.0744,0.7857,2.4119,5.7687
2022-06-25T00:00:00,89.6522,275.2214,658.241,0.7859,2.4126,5.7701
2022-06-26T00:00:00,89.5546,274.9152,657.4887,0.785,2.4099,5.7635
2022-06-27T00:00:00,89.7979,275.6672,659.2712,0.7872,2.4165,5.7792
2022-06-28T00:00:00,89.9864,276.2545,660.6551,0.7888,2.4216,5.7913
2022-06-29T00:00:00,90.2299,277.012,662.4493,0.791,2.4283,5.807
2022-06-30T00:00:00,90.5568,278.0293,664.8737,0.7938,2.4372,5.8283
2022-07-01T00:00:00,90.7636,278.6745,666.4113,0.7956,2.4429,5.8418
2022-07-02T00:00:00,90.9191,279.1595,667.5679,0.797,2.4471,5.8519
2022-07-03T00:00:00,91.0803,279.6627,668.7665,0.7984,2.4515,5.8624
2022-07-04T00:00:00,90.9225,279.1685,667.5813,0.797,2.4472,5.852
2022-07-05T00:00:00,91.0385,279.5276,668.4423,0.798,2.4503,5.8596
2022-07-06T00:00:00,90.9253,279.1757,667.6013,0.7971,2.4473,5.8522
2022-07-07T00:00:00,90.7752,278.7091,666.4853,0.7957,2.4432,5.8424
2022-07-08T00:00:00,90.7089,278.4969,665.9794,0.7952,2.4413,5.838
2022-07-09T00:00:00,90.9803,279.3288,667.9745,0.7975,2.4486,5.8555
2022-07-10T00:00:00,91.1791,279.9367,669.4332,0.7993,2.4539,5.8683
2022-07-11T00:00:00,91.1494,279.8515,669.2243,0.799,2.4532,5.8664
2022-07-12T00:00:00,90.8975,279.0647,667.3387,0.7968,2.4463,5.8499
2022-07-13T00:00:00,90.8698,278.9768,667.1242,0.7966,2.4455,5.848
2022-07-14T00:00:00,90.7727,278.6781,666.4014,0.7957,2.4429,5.8417
2022-07-15T00:00:00,90.9353,279.1821,667.6009,0.7971,2.4473,5.8522
2022-07-16T00:00:00,89.622,275.1807,657.9863,0.7856,2.4122,5.7679
2022-07-17T00:00:00,88.1687,270.7528,647.3478,0.7729,2.3734,5.6747
2022-07-18T00:00:00,87.0176,267.2563,638.942,0.7628,2.3428,5.601
2022-07-19T00:00:00,85.8465,263.7016,630.3926,0.7525,2.3116,5.526
2022-07-20T00:00:00,84.3906,259.2706,619.748,0.7398,2.2728,5.4327
2022-07-21T00:00:00,83.0962,255.3346,610.292,0.7284,2.2383,5.3498
2022-07-22T00:00:00,81.8339,251.4931,601.065,0.7174,2.2046,5.2689
2022-07-23T00:00:00,81.5099,250.5103,598.7023,0.7145,2.196,5.2482
2022-07-24T00:00:00,80.9916,248.9387,594.9263,0.71,2.1822,5.2151
2022-07-25T00:00:00,80.5267,247.5251,591.5294,0.7059,2.1698,5.1853
2022-07-26T00:00:00,80.1484,246.3761,588.7746,0.7026,2.1597,5.1612
2022-07-27T00:00:00,79.9827,245.876,587.5736,0.7011,2.1553,5.1507
2022-07-28T00:00:00,80.0076,245.9597,587.7693,0.7013,2.1561,5.1524
2022-07-29T00:00:00,79.3357,243.9127,582.8495,0.6955,2.1381,5.1093
2022-07-30T00:00:00,78.9906,242.8609,580.3186,0.6924,2.1289,5.0871
2022-07-31T00:00:00,79.1496,243.3415,581.4672,0.6938,2.1331,5.0971
2022-08-01T00:00:00,79.2613,243.6835,582.2847,0.6948,2.1361,5.1043
2022-08-02T00:00:00,79.3982,244.1027,583.2798,0.696,2.1398,5.113
2022-08-03T00:00:00,79.4596,244.2887,583.7134,0.6965,2.1414,5.1168
2022-08-04T00:00:00,79.3338,243.9057,582.7833,0.6954,2.1381,5.1087
2022-08-05T00:00:00,79.8083,245.3597,586.2559,0.6996,2.1508,5.1391
2022-08-06T00:00:00,80.2594,246.7471,589.5665,0.7036,2.163,5.1681
2022-08-07T00:00:00,80.6951,248.0876,592.7622,0.7074,2.1747,5.1962
2022-08-08T00:00:00,81.0009,249.025,594.9911,0.7101,2.183,5.2157
2022-08-09T00:00:00,81.295,249.9326,597.1494,0.7126,2.1909,5.2346
2022-08-10T00:00:00,81.5597,250.7557,599.1047,0.715,2.1981,5.2518
2022-08-11T00:00:00,81.9465,251.9539,601.9568,0.7183,2.2086,5.2768
2022-08-12T00:00:00,82.3082,253.0797,604.6381,0.7215,2.2185,5.3003
2022-08-13T00:00:00,82.5593,253.8587,606.486,0.7237,2.2253,5.3165
2022-08-14T00:00:00,82.8427,254.7373,608.5754,0.7262,2.233,5.3348
2022-08-15T00:00:00,83.0704,255.4355,610.2348,0.7282,2.2391,5.3493
2022-08-16T00:00:00,83.2243,255.908,611.3521,0.7295,2.2433,5.3591
2022-08-17T00:00:00,83.4538,256.6126,613.0262,0.7316,2.2495,5.3738
2022-08-18T00:00:00,82.7692,254.4919,607.9745,0.7256,2.2309,5.3295
2022-08-19T00:00:00,81.9528,251.949,601.9063,0.7184,2.2086,5.2763
2022-08-20T00:00:00,82.4736,253.5357,605.7316,0.723,2.2225,5.3098
2022-08-21T00:00:00,81.3615,250.081,597.5683,0.7132,2.1922,5.2383
2022-08-22T00:00:00,79.6002,244.632,584.6695,0.6978,2.1444,5.1252
2022-08-23T00:00:00,78.9199,242.5316,579.7564,0.6918,2.126,5.0821
2022-08-24T00:00:00,78.046,239.8217,573.3691,0.6842,2.1023,5.0262
2022-08-25T00:00:00,78.5426,241.3551,577.0841,0.6885,2.1157,5.0587
2022-08-26T00:00:00,79.0305,242.8729,580.7601,0.6928,2.129,5.0909
2022-08-27T00:00:00,78.4829,241.1904,576.7597,0.688,2.1143,5.0559
2022-08-28T00:00:00,79.5551,244.5279,584.6725,0.6974,2.1435,5.1252
2022-08-29T00:00:00,81.5542,250.7238,599.3752,0.7149,2.1978,5.2541
2022-08-30T00:00:00,82.5049,253.662,606.3155,0.7232,2.2236,5.315
2022-08-31T00:00:00,83.5489,256.8916,613.9569,0.7324,2.2519,5.3819
2022-09-01T00:00:00,84.432,259.6197,620.4096,0.7401,2.2758,5.4385
2022-09-02T00:00:00,85.6386,263.3351,629.2339,0.7507,2.3084,5.5159
2022-09-03T00:00:00,87.1477,267.9809,640.2668,0.7639,2.3491,5.6126
2022-09-04T00:00:00,88.5238,272.2107,650.3058,0.776,2.3862,5.7006
2022-09-05T00:00:00,89.508,275.2456,657.4401,0.7846,2.4128,5.7631
2022-09-06T00:00:00,92.6458,284.8781,680.3553,0.8121,2.4972,5.964
2022-09-07T00:00:00,93.2685,286.8437,684.8755,0.8176,2.5145,6.0036
2022-09-08T00:00:00,92.2956,283.8712,677.6691,0.8091,2.4884,5.9404
2022-09-09T00:00:00,89.7504,276.0484,658.9487,0.7868,2.4198,5.7763
2022-09-10T00:00:00,86.273,265.3471,633.3761,0.7563,2.326,5.5522
2022-09-11T00:00:00,82.8448,254.7853,608.1575,0.7262,2.2334,5.3311
2022-09-12T00:00:00,79.4646,244.3542,583.3047,0.6966,2.142,5.1132
2022-09-13T00:00:00,74.744,229.8232,548.6243,0.6552,2.0146,4.8092
2022-09-14T00:00:00,75.2328,231.2194,551.9723,0.6595,2.0269,4.8386
2022-09-15T00:00:00,72.9389,224.1478,534.9221,0.6394,1.9649,4.6891
2022-09-16T00:00:00,72.9636,224.1905,535.1117,0.6396,1.9653,4.6908
2022-09-17T00:00:00,76.0155,233.5657,557.5382,0.6664,2.0474,4.8874
2022-09-18T00:00:00,78.7138,241.8634,577.3687,0.69,2.1202,5.0612
2022-09-19T00:00:00,81.728,251.1397,599.521,0.7164,2.2015,5.2554
2022-09-20T00:00:00,82.9529,254.9138,608.5756,0.7272,2.2346,5.3348
2022-09-21T00:00:00,83.0518,255.2649,609.5215,0.728,2.2377,5.3431
2022-09-22T00:00:00,86.9007,267.0791,637.9443,0.7618,2.3412,5.5922
2022-09-23T00:00:00,89.4583,274.9588,656.6848,0.7842,2.4103,5.7565
2022-09-24T00:00:00,90.0185,276.6994,660.7413,0.7891,2.4255,5.7921
2022-09-25T00:00:00,90.943,279.546,667.5062,0.7972,2.4505,5.8514
2022-09-26T00:00:00,92.4404,284.1655,678.4989,0.8103,2.491,5.9477
2022-09-27T00:00:00,94.5531,290.6796,693.9708,0.8289,2.5481,6.0833
2022-09-28T00:00:00,95.4335,293.3956,700.4114,0.8366,2.5719,6.1398
2022-09-29T00:00:00,96.4287,296.4788,707.6985,0.8453,2.5989,6.2037
2022-09-30T00:00:00,97.9013,301.0197,718.4773,0.8582,2.6387,6.2982
2022-10-01T00:00:00,99.2427,305.1501,728.3259,0.87,2.6749,6.3845
2022-10-02T00:00:00,100.4511,308.8822,737.177,0.8806,2.7077,6.4621
2022-10-03T00:00:00,101.2365,311.305,742.9153,0.8874,2.7289,6.5124
2022-10-04T00:00:00,102.1431,314.1072,749.562,0.8954,2.7535,6.5707
2022-10-05T00:00:00,102.7298,315.9229,753.8604,0.9005,2.7694,6.6083
2022-10-06T00:00:00,104.9143,322.6439,769.9182,0.9197,2.8283,6.7491
2022-10-07T00:00:00,106.1292,326.4014,778.822,0.9303,2.8612,6.8272
2022-10-08T00:00:00,108.0245,332.2401,792.7234,0.9469,2.9124,6.949
2022-10-09T00:00:00,109.4952,336.7832,803.5066,0.9598,2.9522,7.0435
2022-10-10T00:00:00,109.4434,336.63,803.1188,0.9594,2.9509,7.0401
2022-10-11T00:00:00,109.8267,337.8095,805.9432,0.9627,2.9612,7.0649
2022-10-12T00:00:00,110.045,338.4821,807.5575,0.9647,2.9671,7.079
2022-10-13T00:00:00,107.0049,329.1395,785.2198,0.938,2.8852,6.8832
2022-10-14T00:00:00,106.4033,327.2883,780.8327,0.9327,2.869,6.8448
2022-10-15T00:00:00,104.3555,320.9952,765.8189,0.9148,2.8138,6.7132
2022-10-16T00:00:00,103.0212,316.8886,756.0433,0.9031,2.7778,6.6275
2022-10-17T00:00:00,102.6916,315.8805,753.6302,0.9002,2.769,6.6063
2022-10-18T00:00:00,102.4772,315.2309,752.0623,0.8983,2.7633,6.5926
2022-10-19T00:00:00,102.0802,314.0225,749.1592,0.8948,2.7527,6.5671
2022-10-20T00:00:00,103.4843,318.3467,759.5072,0.9071,2.7906,6.6578
2022-10-21T00:00:00,103.7903,319.298,761.7557,0.9098,2.799,6.6776
2022-10-22T00:00:00,104.4923,321.4747,766.9388,0.916,2.818,6.723
2022-10-23T00:00:00,103.5797,318.6576,760.2636,0.908,2.7934,6.6645
2022-10-24T00:00:00,102.6699,315.8508,753.6284,0.9,2.7687,6.6063
2022-10-25T00:00:00,101.4444,312.0741,744.6562,0.8893,2.7356,6.5277
2022-10-26T00:00:00,100.2909,308.5149,736.202,0.8791,2.7044,6.4535
2022-10-27T00:00:00,99.9538,307.47,733.7139,0.8762,2.6953,6.4317
2022-10-28T00:00:00,99.0735,304.7542,727.2498,0.8685,2.6715,6.3751
2022-10-29T00:00:00,98.1641,301.9395,720.5363,0.8605,2.6468,6.3162
2022-10-30T00:00:00,98.4996,302.9779,722.9687,0.8634,2.6559,6.3375
2022-10-31T00:00:00,99.2654,305.3357,728.5348,0.8702,2.6766,6.3863
2022-11-01T00:00:00,100.1504,308.0649,734.9937,0.8779,2.7005,6.443
2022-11-02T00:00:00,101.4508,312.0828,744.5137,0.8893,2.7357,6.5264
2022-11-03T00:00:00,101.9641,313.6846,748.2743,0.8938,2.7498,6.5594
2022-11-04T00:00:00,102.3179,314.7986,750.8648,0.8969,2.7595,6.5821
2022-11-05T00:00:00,103.1074,317.2638,756.6936,0.9038,2.7811,6.6332
2022-11-06T00:00:00,102.8599,316.5658,754.9134,0.9017,2.775,6.6176
2022-11-07T00:00:00,102.2652,314.8037,750.5954,0.8965,2.7596,6.5797
2022-11-08T00:00:00,101.9046,313.7599,747.9857,0.8933,2.7504,6.5568
2022-11-09T00:00:00,101.2737,311.8755,743.385,0.8878,2.7339,6.5165
2022-11-10T00:00:00,100.2726,308.8441,736.0732,0.879,2.7073,6.4524
2022-11-11T00:00:00,99.8953,307.7255,733.3272,0.8757,2.6975,6.4283
2022-11-12T00:00:00,98.5511,303.6167,723.4552,0.8639,2.6615,6.3418
2022-11-13T00:00:00,98.6279,303.8492,724.0168,0.8646,2.6635,6.3467
2022-11-14T00:00:00,100.3791,309.2431,736.8787,0.8799,2.7108,6.4595
2022-11-15T00:00:00,102.2913,315.1399,750.9203,0.8967,2.7625,6.5826
2022-11-16T00:00:00,102.1861,314.8099,750.1329,0.8958,2.7596,6.5757
2022-11-17T00:00:00,103.0784,317.5513,756.6464,0.9036,2.7837,6.6328
2022-11-18T00:00:00,103.5401,318.97,760.0118,0.9076,2.7961,6.6623
2022-11-19T00:00:00,104.3298,321.4261,765.8056,0.9146,2.8176,6.7131
2022-11-20T00:00:00,104.9075,323.2307,770.0284,0.9196,2.8334,6.7501
2022-11-21T00:00:00,104.209,321.0973,764.8642,0.9135,2.8147,6.7048
2022-11-22T00:00:00,103.2479,318.1491,757.7877,0.9051,2.7889,6.6428
2022-11-23T00:00:00,103.7927,319.8619,761.7917,0.9098,2.8039,6.6779
2022-11-24T00:00:00,104.0725,320.7491,763.8479,0.9123,2.8117,6.6959
2022-11-25T00:00:00,103.5974,319.3237,760.364,0.9081,2.7992,6.6654
2022-11-26T00:00:00,103.4263,318.8112,759.0962,0.9066,2.7947,6.6542
2022-11-27T00:00:00,103.0062,317.5325,756.0055,0.903,2.7835,6.6271
2022-11-28T00:00:00,102.5951,316.2838,752.9938,0.8993,2.7725,6.6007
2022-11-29T00:00:00,101.393,312.6054,744.1732,0.8888,2.7403,6.5234
2022-11-30T00:00:00,101.2972,312.3218,743.4691,0.888,2.7378,6.5173
2022-12-01T00:00:00,100.3373,309.3898,736.4355,0.8796,2.7121,6.4556
2022-12-02T00:00:00,100.3972,309.5859,736.894,0.8801,2.7138,6.4596
2022-12-03T00:00:00,99.6098,307.1865,731.1421,0.8732,2.6928,6.4092
2022-12-04T00:00:00,99.1726,305.8621,727.9559,0.8693,2.6812,6.3813
2022-12-05T00:00:00,98.5176,303.8679,723.1773,0.8636,2.6637,6.3394
2022-12-06T00:00:00,98.4385,303.6365,722.6177,0.8629,2.6617,6.3345
2022-12-07T00:00:00,97.8767,301.926,718.5137,0.858,2.6467,6.2985
2022-12-08T00:00:00,97.7256,301.4722,717.4131,0.8567,2.6427,6.2888
2022-12-09T00:00:00,97.8424,301.8409,718.2725,0.8577,2.6459,6.2964
2022-12-10T00:00:00,97.932,302.1198,718.9324,0.8585,2.6484,6.3022
2022-12-11T00:00:00,97.9889,302.2989,719.3523,0.859,2.65,6.3058
2022-12-12T00:00:00,98.4669,303.7729,722.8553,0.8632,2.6629,6.3365
2022-12-13T00:00:00,98.3692,303.4713,722.1211,0.8623,2.6602,6.3301
2022-12-14T00:00:00,98.9139,305.1524,726.1225,0.8671,2.675,6.3652
2022-12-15T00:00:00,99.1692,305.9416,727.999,0.8693,2.6819,6.3816
2022-12-16T00:00:00,98.9051,305.1356,726.0639,0.867,2.6748,6.3647
2022-12-17T00:00:00,99.3019,306.3652,728.9862,0.8705,2.6856,6.3903
2022-12-18T00:00:00,99.5531,307.1511,730.8428,0.8727,2.6925,6.4066
2022-12-19T00:00:00,99.8352,308.0335,732.9306,0.8752,2.7002,6.4249
2022-12-20T00:00:00,100.0866,308.8152,734.7812,0.8774,2.7071,6.4411
2022-12-21T00:00:00,99.6244,307.394,731.3771,0.8733,2.6946,6.4113
2022-12-22T00:00:00,100.0507,308.7151,734.5182,0.877,2.7062,6.4388
2022-12-23T00:00:00,99.8953,308.2353,733.3816,0.8757,2.702,6.4288
2022-12-24T00:00:00,99.6835,307.5749,731.8182,0.8738,2.6962,6.4151
2022-12-25T00:00:00,100.6841,310.6581,739.1608,0.8826,2.7232,6.4795
2022-12-26T00:00:00,98.6362,304.321,724.1441,0.8646,2.6677,6.3478
2022-12-27T00:00:00,97.0774,299.5007,712.7416,0.851,2.6254,6.2479
2022-12-28T00:00:00,96.8544,298.807,711.1372,0.849,2.6193,6.2338
2022-12-29T00:00:00,94.3725,291.1399,692.9103,0.8273,2.5521,6.0741
2022-12-30T00:00:00,94.0853,290.2508,690.8053,0.8248,2.5443,6.0556
2022-12-31T00:00:00,93.8201,289.4313,688.8647,0.8224,2.5372,6.0386
2023-01-01T00:00:00,92.45,285.1956,678.8061,0.8104,2.5,5.9504
2023-01-02T00:00:00,94.1211,290.3618,691.0647,0.8251,2.5453,6.0579
2023-01-03T00:00:00,95.8365,295.6631,703.6473,0.8401,2.5918,6.1682
2023-01-04T00:00:00,96.092,296.4485,705.4971,0.8423,2.5987,6.1844
2023-01-05T00:00:00,97.8274,301.8041,718.2344,0.8576,2.6456,6.296
2023-01-06T00:00:00,97.8739,301.9496,718.5712,0.858,2.6469,6.299
2023-01-07T00:00:00,98.4262,303.6569,722.6358,0.8628,2.6619,6.3346
2023-01-08T00:00:00,98.9719,305.345,726.6528,0.8676,2.6767,6.3698
2023-01-09T00:00:00,98.923,305.1916,726.2767,0.8672,2.6753,6.3665
2023-01-10T00:00:00,98.6456,304.3343,724.2264,0.8647,2.6678,6.3486
2023-01-11T00:00:00,97.9278,302.128,718.9723,0.8584,2.6485,6.3025
2023-01-12T00:00:00,98.2756,303.2182,721.5608,0.8615,2.658,6.3252
2023-01-13T00:00:00,98.5398,304.0447,723.5217,0.8638,2.6653,6.3424
2023-01-14T00:00:00,98.285,303.2668,721.6564,0.8616,2.6584,6.326
2023-01-15T00:00:00,97.8734,302.0056,718.6362,0.858,2.6474,6.2996
2023-01-16T00:00:00,97.0099,299.345,712.3123,0.8504,2.6241,6.2441
2023-01-17T00:00:00,95.2261,293.8349,699.2295,0.8348,2.5758,6.1294
2023-01-18T00:00:00,93.4182,288.2479,685.9808,0.8189,2.5268,6.0133
2023-01-19T00:00:00,93.1206,287.3122,683.7845,0.8163,2.5186,5.9941
2023-01-20T00:00:00,91.877,283.4629,674.6474,0.8054,2.4848,5.914
2023-01-21T00:00:00,90.6142,279.553,665.3681,0.7943,2.4506,5.8326
2023-01-22T00:00:00,89.3664,275.6896,656.2022,0.7834,2.4167,5.7523
2023-01-23T00:00:00,88.5055,273.0284,649.8759,0.7758,2.3934,5.6968
2023-01-24T00:00:00,88.4711,272.9235,649.6242,0.7755,2.3924,5.6946
2023-01-25T00:00:00,90.4149,278.9233,663.8848,0.7926,2.445,5.8196
2023-01-26T00:00:00,90.2585,278.4411,662.7287,0.7912,2.4408,5.8095
2023-01-27T00:00:00,90.9205,280.4853,667.5898,0.797,2.4587,5.8521
2023-01-28T00:00:00,91.54,282.4013,672.1422,0.8024,2.4755,5.892
2023-01-29T00:00:00,92.3606,284.9357,678.1703,0.8096,2.4977,5.9448
2023-01-30T00:00:00,93.1519,287.3827,683.9803,0.8166,2.5192,5.9958
2023-01-31T00:00:00,94.0218,290.0751,690.3567,0.8242,2.5428,6.0517
2023-02-01T00:00:00,94.7788,292.4196,695.9181,0.8308,2.5633,6.1004
2023-02-02T00:00:00,95.2759,293.9617,699.5834,0.8352,2.5769,6.1325
2023-02-03T00:00:00,95.7596,295.4505,703.1248,0.8394,2.5899,6.1636
2023-02-04T00:00:00,95.8645,295.7656,703.8856,0.8403,2.5927,6.1703
2023-02-05T00:00:00,95.8099,295.5913,703.4731,0.8399,2.5912,6.1666
2023-02-06T00:00:00,95.7805,295.4927,703.2477,0.8396,2.5903,6.1647
2023-02-07T00:00:00,95.8829,295.8008,703.9988,0.8405,2.593,6.1713
2023-02-08T00:00:00,96.0045,296.1667,704.877,0.8416,2.5962,6.179
2023-02-09T00:00:00,96.1142,296.4959,705.6667,0.8425,2.5991,6.1859
2023-02-10T00:00:00,96.1761,296.6817,706.1179,0.8431,2.6007,6.1898
2023-02-11T00:00:00,96.5569,297.8553,708.9075,0.8464,2.611,6.2143
2023-02-12T00:00:00,96.5039,297.688,708.5251,0.846,2.6095,6.2109
2023-02-13T00:00:00,96.5804,297.9218,709.096,0.8466,2.6116,6.2159
2023-02-14T00:00:00,96.561,297.8591,708.9546,0.8465,2.611,6.2147
2023-02-15T00:00:00,95.3029,293.9738,699.712,0.8354,2.577,6.1337
2023-02-16T00:00:00,95.3867,294.2292,700.3229,0.8362,2.5792,6.139
2023-02-17T00:00:00,95.8192,295.5659,703.5071,0.84,2.5909,6.1669
2023-02-18T00:00:00,96.3514,297.2066,707.4134,0.8446,2.6053,6.2012
2023-02-19T00:00:00,96.8347,298.6949,710.95,0.8489,2.6184,6.2322
2023-02-20T00:00:00,97.1241,299.5828,713.0631,0.8514,2.6261,6.2507
2023-02-21T00:00:00,97.4485,300.5791,715.4357,0.8542,2.6349,6.2715
2023-02-22T00:00:00,97.7934,301.6372,717.965,0.8573,2.6442,6.2937
2023-02-23T00:00:00,96.336,297.1363,707.2554,0.8445,2.6047,6.1998
2023-02-24T00:00:00,95.1121,293.3549,698.2643,0.8338,2.5715,6.121
2023-02-25T00:00:00,95.0986,293.3128,698.1743,0.8336,2.5712,6.1202
2023-02-26T00:00:00,95.5911,294.8323,701.7939,0.838,2.5845,6.1519
2023-02-27T00:00:00,95.6233,294.9275,702.039,0.8382,2.5853,6.1541
2023-02-28T00:00:00,95.7472,295.3059,702.956,0.8393,2.5887,6.1621
2023-03-01T00:00:00,95.7001,295.156,702.6132,0.8389,2.5873,6.1591
2023-03-02T00:00:00,96.0736,296.3,705.3582,0.8422,2.5974,6.1832
2023-03-03T00:00:00,97.6218,301.0653,716.7193,0.8558,2.6391,6.2828
2023-03-04T00:00:00,97.8531,301.7669,718.4074,0.8578,2.6453,6.2976
2023-03-05T00:00:00,98.0131,302.252,719.5789,0.8592,2.6495,6.3078
2023-03-06T00:00:00,110.9909,342.0983,814.9477,0.9729,2.9988,7.1438
2023-03-07T00:00:00,124.7277,384.2844,915.9179,1.0934,3.3686,8.0289
2023-03-08T00:00:00,138.9804,428.0702,1020.6883,1.2183,3.7525,8.9474
2023-03-09T00:00:00,153.9528,474.062,1130.7496,1.3496,4.1556,9.9122
2023-03-10T00:00:00,167.8223,516.6501,1232.7124,1.4711,4.529,10.806
2023-03-11T00:00:00,182.1756,560.7344,1338.2489,1.597,4.9154,11.7311
2023-03-12T00:00:00,197.0482,606.4291,1447.6183,1.7273,5.316,12.6898
2023-03-13T00:00:00,199.8637,615.1062,1468.3502,1.752,5.392,12.8716
2023-03-14T00:00:00,202.8164,624.2102,1490.0629,1.7779,5.4718,13.0619
2023-03-15T00:00:00,205.0825,631.1867,1506.7319,1.7978,5.533,13.208
2023-03-16T00:00:00,206.7264,636.2573,1518.8141,1.8122,5.5774,13.3139
2023-03-17T00:00:00,208.0804,640.4484,1528.8069,1.824,5.6142,13.4015
2023-03-18T00:00:00,209.7545,645.5986,1541.0907,1.8387,5.6593,13.5092
2023-03-19T00:00:00,210.9657,649.3294,1549.9967,1.8493,5.692,13.5873
2023-03-20T00:00:00,212.3736,653.6693,1560.3478,1.8617,5.7301,13.678
2023-03-21T00:00:00,213.5808,657.3672,1569.2097,1.8722,5.7625,13.7557
2023-03-22T00:00:00,215.3664,662.8666,1582.349,1.8879,5.8107,13.8709
2023-03-23T00:00:00,217.4247,669.2146,1597.5392,1.9059,5.8663,14.004
2023-03-24T00:00:00,219.6139,675.9414,1613.6299,1.9251,5.9253,14.1451
2023-03-25T00:00:00,221.6343,682.1798,1628.554,1.9428,5.98,14.2759
2023-03-26T00:00:00,223.5434,688.0469,1642.5951,1.9596,6.0314,14.399
2023-03-27T00:00:00,225.061,692.7251,1653.804,1.9729,6.0724,14.4972
2023-03-28T00:00:00,226.2326,696.3441,1662.4615,1.9832,6.1042,14.5731
2023-03-29T00:00:00,228.0329,701.8814,1675.7088,1.9989,6.1527,14.6893
2023-03-30T00:00:00,229.414,706.1296,1685.8558,2.011,6.1899,14.7782
2023-03-31T00:00:00,229.7189,707.0848,1688.144,2.0137,6.1983,14.7983
2023-04-01T00:00:00,229.9751,707.8938,1690.0923,2.016,6.2054,14.8153
2023-04-02T00:00:00,230.8223,710.5117,1696.3722,2.0234,6.2283,14.8704
2023-04-03T00:00:00,231.436,712.3964,1700.8809,2.0288,6.2449,14.9099
2023-04-04T00:00:00,231.8551,713.7024,1704.0132,2.0324,6.2563,14.9374
2023-04-05T00:00:00,231.3979,712.3332,1700.7487,2.0284,6.2443,14.9088
2023-04-06T00:00:00,231.3802,712.3004,1700.6946,2.0283,6.244,14.9083
2023-04-07T00:00:00,232.8349,716.7771,1711.4054,2.041,6.2833,15.0022
2023-04-08T00:00:00,234.3726,721.5107,1722.7104,2.0545,6.3248,15.1013
2023-04-09T00:00:00,236.2413,727.2931,1736.4937,2.0709,6.3755,15.2221
2023-04-10T00:00:00,238.249,733.4957,1751.2983,2.0885,6.4298,15.3519
2023-04-11T00:00:00,239.6864,737.955,1761.9179,2.1011,6.4689,15.445
2023-04-12T00:00:00,241.9453,744.9122,1778.5335,2.1209,6.5299,15.5906
2023-04-13T00:00:00,241.0156,742.0519,1771.662,2.1127,6.5048,15.5304
2023-04-14T00:00:00,233.2687,718.1713,1714.6699,2.0448,6.2955,15.0308
2023-04-15T00:00:00,225.8191,695.1969,1659.8422,1.9795,6.0941,14.5502
2023-04-16T00:00:00,217.567,669.7548,1599.1299,1.9072,5.8711,14.018
2023-04-17T00:00:00,209.7596,645.6963,1541.7262,1.8388,5.6602,13.5148
2023-04-18T00:00:00,203.7759,627.2304,1497.6959,1.7863,5.4983,13.1288
2023-04-19T00:00:00,197.4592,607.7669,1451.2718,1.7309,5.3277,12.7218
2023-04-20T00:00:00,194.6689,599.1747,1430.8332,1.7065,5.2524,12.5427
2023-04-21T00:00:00,198.7781,611.8685,1461.153,1.7425,5.3636,12.8085
2023-04-22T00:00:00,201.8993,621.5232,1484.2201,1.7698,5.4483,13.0107
2023-04-23T00:00:00,205.1768,631.6615,1508.4374,1.7986,5.5371,13.223
2023-04-24T00:00:00,209.4542,644.8649,1539.9871,1.8361,5.6529,13.4995
2023-04-25T00:00:00,212.0691,652.9454,1559.2939,1.859,5.7237,13.6688
2023-04-26T00:00:00,215.139,662.4217,1581.9122,1.8859,5.8068,13.867
2023-04-27T00:00:00,217.4166,669.4759,1598.7443,1.9059,5.8686,14.0146
2023-04-28T00:00:00,219.0204,674.4442,1610.5937,1.9199,5.9122,14.1185
2023-04-29T00:00:00,221.1797,681.1353,1626.5399,1.9389,5.9708,14.2582
2023-04-30T00:00:00,223.6438,688.7586,1644.732,1.9605,6.0377,14.4177
2023-05-01T00:00:00,224.9755,692.9181,1654.618,1.9721,6.0741,14.5044
2023-05-02T00:00:00,227.0818,699.4559,1670.2182,1.9906,6.1314,14.6411
2023-05-03T00:00:00,228.138,702.76,1678.0916,1.9999,6.1604,14.7102
2023-05-04T00:00:00,229.0186,705.4881,1684.588,2.0076,6.1843,14.7671
2023-05-05T00:00:00,229.9256,708.3115,1691.3095,2.0155,6.2091,14.826
2023-05-06T00:00:00,229.9815,708.4964,1691.7548,2.016,6.2107,14.8299
2023-05-07T00:00:00,229.1908,706.0752,1685.9709,2.0091,6.1895,14.7792
2023-05-08T00:00:00,228.5295,704.0548,1681.1425,2.0033,6.1717,14.7369
2023-05-09T00:00:00,227.2694,700.1859,1671.8729,1.9922,6.1378,14.6556
2023-05-10T00:00:00,225.889,695.9278,1661.7149,1.9801,6.1005,14.5666
2023-05-11T00:00:00,224.3316,691.1476,1650.3303,1.9665,6.0586,14.4668
2023-05-12T00:00:00,225.3958,694.428,1658.1962,1.9758,6.0874,14.5357
2023-05-13T00:00:00,227.6368,701.3108,1674.694,1.9955,6.1477,14.6804
2023-05-14T00:00:00,230.7905,710.9962,1697.873,2.0231,6.2326,14.8836
2023-05-15T00:00:00,232.6843,716.7986,1711.801,2.0397,6.2835,15.0056
2023-05-16T00:00:00,235.1154,724.2586,1729.7213,2.061,6.3489,15.1627
2023-05-17T00:00:00,238.9789,736.1393,1758.1884,2.0949,6.453,15.4123
2023-05-18T00:00:00,243.7511,750.805,1793.3448,2.1367,6.5816,15.7205
2023-05-19T00:00:00,245.7702,757.0009,1808.264,2.1544,6.6359,15.8512
2023-05-20T00:00:00,246.2219,758.4001,1811.6847,2.1584,6.6481,15.8812
2023-05-21T00:00:00,246.8581,760.3745,1816.4826,2.164,6.6654,15.9233
2023-05-22T00:00:00,248.9697,766.9136,1832.1822,2.1825,6.7228,16.0609
2023-05-23T00:00:00,250.3103,771.0575,1842.158,2.1942,6.7591,16.1484
2023-05-24T00:00:00,250.4985,771.6456,1843.607,2.1959,6.7642,16.1611
2023-05-25T00:00:00,250.5907,771.9402,1844.3138,2.1967,6.7668,16.1673
2023-05-26T00:00:00,250.5351,771.8059,1844.0023,2.1962,6.7657,16.1645
2023-05-27T00:00:00,250.3514,771.2553,1842.6858,2.1946,6.7608,16.153
2023-05-28T00:00:00,249.4328,768.4439,1835.98,2.1865,6.7362,16.0942
2023-05-29T00:00:00,248.2095,764.6568,1826.9351,2.1758,6.703,16.0149
2023-05-30T00:00:00,246.4607,759.2847,1814.0737,2.1605,6.6559,15.9022
2023-05-31T00:00:00,245.2958,755.689,1805.4865,2.1503,6.6244,15.8269
2023-06-01T00:00:00,243.5336,750.2614,1792.507,2.1348,6.5768,15.7131
2023-06-02T00:00:00,241.7898,744.8721,1779.6287,2.1195,6.5295,15.6002
2023-06-03T00:00:00,241.1196,742.7898,1774.6647,2.1137,6.5113,15.5567
2023-06-04T00:00:00,240.9349,742.2006,1773.2777,2.112,6.5061,15.5446
2023-06-05T00:00:00,239.2711,737.0462,1761.0028,2.0975,6.4609,15.437
2023-06-06T00:00:00,238.9825,736.1446,1758.8776,2.0949,6.453,15.4183
2023-06-07T00:00:00,237.5361,731.7029,1748.2873,2.0822,6.4141,15.3255
2023-06-08T00:00:00,237.7066,732.2446,1749.6039,2.0837,6.4189,15.337
2023-06-09T00:00:00,237.9226,732.9098,1751.2558,2.0856,6.4247,15.3515
2023-06-10T00:00:00,236.7271,729.2513,1742.5706,2.0751,6.3926,15.2754
2023-06-11T00:00:00,235.3147,724.9037,1732.2268,2.0628,6.3545,15.1847
2023-06-12T00:00:00,236.2902,727.9322,1739.4988,2.0713,6.3811,15.2484
2023-06-13T00:00:00,236.2693,727.8693,1739.3874,2.0711,6.3805,15.2475
2023-06-14T00:00:00,236.9276,729.8877,1744.231,2.0769,6.3982,15.2899
2023-06-15T00:00:00,235.9328,726.8161,1736.9236,2.0682,6.3713,15.2259
2023-06-16T00:00:00,235.2957,724.8449,1732.2127,2.0626,6.354,15.1846
2023-06-17T00:00:00,235.259,724.7156,1731.897,2.0623,6.3529,15.1818
2023-06-18T00:00:00,235.4199,725.2125,1733.0827,2.0637,6.3572,15.1922
2023-06-19T00:00:00,234.3354,721.8646,1725.0911,2.0542,6.3279,15.1221
2023-06-20T00:00:00,234.3477,721.8984,1725.1805,2.0543,6.3282,15.1229
2023-06-21T00:00:00,234.0692,721.0518,1723.1488,2.0519,6.3207,15.1051
2023-06-22T00:00:00,233.4416,719.0961,1718.4654,2.0463,6.3036,15.0641
2023-06-23T00:00:00,233.0141,717.7968,1715.3545,2.0426,6.2922,15.0368
2023-06-24T00:00:00,233.3834,718.9332,1718.0875,2.0458,6.3022,15.0608
2023-06-25T00:00:00,234.7508,723.1264,1728.1431,2.0578,6.3389,15.1489
2023-06-26T00:00:00,235.9923,726.9293,1737.2459,2.0687,6.3723,15.2287
2023-06-27T00:00:00,236.2743,727.7872,1739.3318,2.0712,6.3798,15.247
2023-06-28T00:00:00,236.8385,729.5013,1743.4731,2.0761,6.3948,15.2833
2023-06-29T00:00:00,237.6228,731.9139,1749.2855,2.083,6.416,15.3342
2023-06-30T00:00:00,239.4513,737.5342,1762.7481,2.099,6.4652,15.4522
2023-07-01T00:00:00,240.2449,739.9599,1768.5786,2.106,6.4865,15.5034
2023-07-02T00:00:00,239.3477,737.1942,1761.9826,2.0981,6.4622,15.4455
2023-07-03T00:00:00,238.6978,735.1949,1757.2367,2.0924,6.4447,15.4039
2023-07-04T00:00:00,238.0068,733.0564,1752.1169,2.0864,6.426,15.3591
2023-07-05T00:00:00,237.1205,730.3443,1745.6424,2.0786,6.4022,15.3023
2023-07-06T00:00:00,236.9884,729.9483,1744.7069,2.0774,6.3987,15.2941
2023-07-07T00:00:00,233.8659,720.3045,1721.6793,2.0501,6.3142,15.0922
2023-07-08T00:00:00,232.1678,715.0792,1709.1827,2.0352,6.2684,14.9827
2023-07-09T00:00:00,229.8173,707.8336,1691.8569,2.0146,6.2049,14.8308
2023-07-10T00:00:00,225.9765,696.02,1663.5815,1.9809,6.1013,14.583
2023-07-11T00:00:00,224.1224,690.3003,1649.9103,1.9647,6.0512,14.4631
2023-07-12T00:00:00,224.6527,692.0107,1653.9355,1.9693,6.0662,14.4984
2023-07-13T00:00:00,224.9548,693.0053,1656.2452,1.972,6.0749,14.5186
2023-07-14T00:00:00,228.0976,702.7903,1679.5407,1.9995,6.1607,14.7229
2023-07-15T00:00:00,231.5327,713.4307,1704.9332,2.0296,6.2539,14.9454
2023-07-16T00:00:00,236.249,728.0217,1739.7745,2.071,6.3818,15.2509
2023-07-17T00:00:00,242.9304,748.6586,1789.0723,2.1295,6.5627,15.683
2023-07-18T00:00:00,246.704,760.3551,1816.9662,2.1626,6.6653,15.9275
2023-07-19T00:00:00,249.0141,767.4434,1833.9529,2.1829,6.7274,16.0764
2023-07-20T00:00:00,251.2059,774.1788,1850.1006,2.2021,6.7865,16.218
2023-07-21T00:00:00,250.6607,772.4639,1846.0472,2.1973,6.7714,16.1825
2023-07-22T00:00:00,249.5387,769.0124,1837.816,2.1875,6.7412,16.1103
2023-07-23T00:00:00,248.0035,764.2842,1826.512,2.174,6.6997,16.0112
2023-07-24T00:00:00,245.618,756.8951,1808.8423,2.1531,6.6349,15.8563
2023-07-25T00:00:00,243.4533,750.1972,1792.8598,2.1341,6.5762,15.7162
2023-07-26T00:00:00,239.717,738.6637,1765.2662,2.1014,6.4751,15.4743
2023-07-27T00:00:00,235.1739,724.6535,1731.7446,2.0615,6.3523,15.1805
2023-07-28T00:00:00,232.7633,717.2036,1713.925,2.0404,6.287,15.0243
2023-07-29T00:00:00,229.7801,707.9799,1691.8777,2.0143,6.2062,14.831
2023-07-30T00:00:00,225.7283,695.4508,1661.9164,1.9787,6.0963,14.5684
2023-07-31T00:00:00,221.9618,683.8419,1634.1623,1.9457,5.9946,14.3251
2023-08-01T00:00:00,219.4501,676.087,1615.6175,1.9237,5.9266,14.1625
2023-08-02T00:00:00,217.3387,669.5693,1600.0281,1.9052,5.8694,14.0258
2023-08-03T00:00:00,215.9937,665.3992,1590.0798,1.8934,5.8329,13.9386
2023-08-04T00:00:00,214.2786,660.1293,1577.4978,1.8784,5.7867,13.8283
2023-08-05T00:00:00,212.4846,654.6027,1564.297,1.8626,5.7382,13.7126
2023-08-06T00:00:00,211.6367,652.0058,1558.1442,1.8552,5.7155,13.6587
2023-08-07T00:00:00,211.3744,651.2166,1556.3051,1.8529,5.7086,13.6426
2023-08-08T00:00:00,210.5145,648.592,1550.0683,1.8454,5.6856,13.5879
2023-08-09T00:00:00,210.4542,648.4051,1549.6878,1.8448,5.6839,13.5846
2023-08-10T00:00:00,210.6553,649.0462,1551.2402,1.8466,5.6895,13.5982
2023-08-11T00:00:00,211.1607,650.5976,1554.9748,1.851,5.7031,13.6309
2023-08-12T00:00:00,211.3479,651.1618,1556.3343,1.8527,5.7081,13.6428
2023-08-13T00:00:00,212.35,654.2697,1563.7651,1.8615,5.7353,13.708
2023-08-14T00:00:00,213.3395,657.3107,1571.0441,1.8701,5.762,13.7718
2023-08-15T00:00:00,214.7428,661.617,1581.3372,1.8824,5.7997,13.862
2023-08-16T00:00:00,216.3347,666.5307,1593.0369,1.8964,5.8428,13.9646
2023-08-17T00:00:00,218.3613,672.7638,1607.8991,1.9142,5.8974,14.0948
2023-08-18T00:00:00,218.5341,673.2679,1609.0858,1.9157,5.9019,14.1052
2023-08-19T00:00:00,219.4496,676.087,1615.8218,1.9237,5.9266,14.1643
2023-08-20T00:00:00,219.5143,676.2719,1616.228,1.9243,5.9282,14.1679
2023-08-21T00:00:00,219.756,677.0054,1617.9862,1.9264,5.9346,14.1833
2023-08-22T00:00:00,219.2329,675.3985,1614.178,1.9218,5.9205,14.1499
2023-08-23T00:00:00,218.9955,674.6337,1612.4232,1.9197,5.9138,14.1345
2023-08-24T00:00:00,223.4582,688.4086,1645.4189,1.9588,6.0346,14.4237
2023-08-25T00:00:00,228.9543,705.3914,1686.0557,2.007,6.1835,14.78
2023-08-26T00:00:00,234.9724,723.9621,1730.4779,2.0598,6.3463,15.1694
2023-08-27T00:00:00,241.9289,745.4239,1781.8405,2.1207,6.5344,15.6196
2023-08-28T00:00:00,246.6039,759.8605,1816.3798,2.1617,6.6609,15.9224
2023-08-29T00:00:00,253.0887,779.8646,1864.2034,2.2186,6.8363,16.3416
2023-08-30T00:00:00,258.0503,795.2059,1900.8691,2.2621,6.9708,16.663
2023-08-31T00:00:00,258.2622,795.8633,1902.4638,2.2639,6.9765,16.677
2023-09-01T00:00:00,258.3546,796.1574,1903.1861,2.2647,6.9791,16.6833
2023-09-02T00:00:00,258.3288,796.1163,1903.1035,2.2645,6.9788,16.6826
2023-09-03T00:00:00,257.8999,794.805,1899.9887,2.2608,6.9673,16.6553
2023-09-04T00:00:00,260.0678,801.4977,1916.0216,2.2798,7.0259,16.7958
2023-09-05T00:00:00,260.5782,803.098,1919.8772,2.2842,7.04,16.8296
2023-09-06T00:00:00,262.2338,808.202,1932.1213,2.2987,7.0847,16.937
2023-09-07T00:00:00,263.7741,812.9593,1943.545,2.3122,7.1264,17.0371
2023-09-08T00:00:00,265.6832,818.8605,1957.6995,2.329,7.1781,17.1612
2023-09-09T00:00:00,267.0611,823.0925,1967.8377,2.3411,7.2152,17.2501
2023-09-10T00:00:00,268.6509,827.982,1979.5574,2.355,7.2581,17.3528
2023-09-11T00:00:00,268.446,827.3496,1978.0693,2.3532,7.2525,17.3398
2023-09-12T00:00:00,270.2382,832.8507,1991.2825,2.3689,7.3008,17.4556
2023-09-13T00:00:00,270.8284,834.6992,1995.7281,2.3741,7.317,17.4946
2023-09-14T00:00:00,270.5135,833.7841,1993.4999,2.3713,7.309,17.475
2023-09-15T00:00:00,269.8848,831.8797,1988.9091,2.3658,7.2923,17.4348
2023-09-16T00:00:00,268.8599,828.773,1981.4602,2.3568,7.265,17.3695
2023-09-17T00:00:00,267.1688,823.6161,1969.0757,2.342,7.2198,17.2609
2023-09-18T00:00:00,265.8944,819.7654,1959.7951,2.3308,7.1861,17.1796
2023-09-19T00:00:00,264.2444,814.7284,1947.662,2.3164,7.1419,17.0732
2023-09-20T00:00:00,263.4426,812.2824,1941.73,2.3093,7.1205,17.0212
2023-09-21T00:00:00,263.4855,812.4112,1942.0062,2.3097,7.1216,17.0236
2023-09-22T00:00:00,264.6444,816.0028,1950.5778,2.3199,7.1531,17.0988
2023-09-23T00:00:00,266.0594,820.3622,1960.9565,2.3323,7.1913,17.1897
2023-09-24T00:00:00,267.5389,824.935,1971.8139,2.3452,7.2314,17.2849
2023-09-25T00:00:00,269.6656,831.47,1987.3778,2.3639,7.2887,17.4214
2023-09-26T00:00:00,270.3739,833.6727,1992.5474,2.3701,7.308,17.4667
2023-09-27T00:00:00,271.429,836.9189,2000.2369,2.3793,7.3364,17.5341
2023-09-28T00:00:00,272.1649,839.1796,2005.5295,2.3858,7.3562,17.5805
2023-09-29T00:00:00,272.1073,838.9655,2004.8941,2.3853,7.3544,17.5749
2023-09-30T00:00:00,272.311,839.5823,2006.2845,2.3871,7.3598,17.5871
2023-10-01T00:00:00,271.8465,838.1363,2002.7739,2.383,7.3471,17.5563
2023-10-02T00:00:00,271.1885,836.1018,1997.8522,2.3772,7.3293,17.5132
2023-10-03T00:00:00,270.0488,832.6012,1989.4312,2.3672,7.2986,17.4394
2023-10-04T00:00:00,268.9156,829.122,1981.1076,2.3573,7.2681,17.3664
2023-10-05T00:00:00,266.377,821.3173,1962.462,2.3351,7.1997,17.2029
2023-10-06T00:00:00,263.5695,812.6917,1941.8623,2.3105,7.1241,17.0224
2023-10-07T00:00:00,261.06,804.9641,1923.417,2.2885,7.0563,16.8607
2023-10-08T00:00:00,258.6037,797.4352,1905.4407,2.2669,6.9903,16.7031
2023-10-09T00:00:00,255.8506,788.965,1885.2253,2.2428,6.9161,16.5259
2023-10-10T00:00:00,255.0263,786.4216,1879.2199,2.2356,6.8938,16.4732
2023-10-11T00:00:00,253.864,782.8391,1870.6749,2.2254,6.8624,16.3983
2023-10-12T00:00:00,253.139,780.6205,1865.3855,2.219,6.8429,16.352
2023-10-13T00:00:00,253.5284,781.8416,1868.3241,2.2224,6.8536,16.3777
2023-10-14T00:00:00,253.2849,781.1268,1866.6228,2.2203,6.8474,16.3628
2023-10-15T00:00:00,254.6147,785.2228,1876.4517,2.232,6.8833,16.449
2023-10-16T00:00:00,256.2554,790.2902,1888.6191,2.2463,6.9277,16.5556
2023-10-17T00:00:00,256.5512,791.2344,1890.8902,2.2489,6.936,16.5755
2023-10-18T00:00:00,257.7552,794.9625,1899.8267,2.2595,6.9686,16.6539
2023-10-19T00:00:00,259.5693,800.5592,1913.2697,2.2754,7.0177,16.7717
2023-10-20T00:00:00,261.8693,807.6708,1930.3066,2.2955,7.08,16.9211
2023-10-21T00:00:00,264.0883,814.5246,1946.6879,2.315,7.1401,17.0647
2023-10-22T00:00:00,266.0622,820.6317,1961.241,2.3323,7.1937,17.1922
2023-10-23T00:00:00,267.789,825.978,1973.9671,2.3474,7.2405,17.3038
2023-10-24T00:00:00,269.5986,831.5597,1987.2713,2.3633,7.2895,17.4204
2023-10-25T00:00:00,270.893,835.5796,1996.8344,2.3746,7.3247,17.5043
2023-10-26T00:00:00,273.287,842.9588,2014.417,2.3956,7.3894,17.6584
2023-10-27T00:00:00,273.5993,843.9173,2016.6481,2.3984,7.3978,17.6779
2023-10-28T00:00:00,274.6555,847.1835,2024.4417,2.4076,7.4264,17.7463
2023-10-29T00:00:00,275.0745,848.47,2027.5378,2.4113,7.4377,17.7734
2023-10-30T00:00:00,275.9621,851.1978,2034.0698,2.4191,7.4616,17.8307
2023-10-31T00:00:00,277.5522,856.0998,2045.805,2.433,7.5046,17.9335
2023-11-01T00:00:00,278.9173,860.3109,2055.8729,2.445,7.5415,18.0218
2023-11-02T00:00:00,279.5478,862.2813,2060.5685,2.4505,7.5588,18.0629
2023-11-03T00:00:00,280.8944,866.4483,2070.523,2.4623,7.5953,18.1502
2023-11-04T00:00:00,281.5076,868.3416,2075.0267,2.4677,7.6119,18.1897
2023-11-05T00:00:00,282.3859,871.0605,2081.5037,2.4754,7.6357,18.2465
2023-11-06T00:00:00,282.1094,870.2156,2079.4563,2.473,7.6283,18.2285
2023-11-07T00:00:00,281.8009,869.2992,2077.2421,2.4703,7.6203,18.2091
2023-11-08T00:00:00,280.8876,866.4947,2070.5185,2.4623,7.5957,18.1502
2023-11-09T00:00:00,280.0428,863.9046,2064.3394,2.4549,7.573,18.096
2023-11-10T00:00:00,279.0488,860.8371,2057.0361,2.4461,7.5461,18.032
2023-11-11T00:00:00,278.1695,858.1406,2050.6163,2.4384,7.5225,17.9757
2023-11-12T00:00:00,276.4983,852.999,2038.3451,2.4238,7.4774,17.8681
2023-11-13T00:00:00,276.4245,852.8101,2037.9297,2.4231,7.4757,17.8645
2023-11-14T00:00:00,275.9229,851.2554,2034.2478,2.4187,7.4621,17.8322
2023-11-15T00:00:00,276.154,851.9921,2036.0575,2.4208,7.4686,17.8481
2023-11-16T00:00:00,275.5261,850.0708,2031.5039,2.4153,7.4517,17.8082
2023-11-17T00:00:00,275.6199,850.3671,2032.2197,2.4161,7.4543,17.8144
2023-11-18T00:00:00,276.3693,852.6913,2037.7684,2.4227,7.4747,17.8631
2023-11-19T00:00:00,277.2061,855.2706,2043.9198,2.43,7.4973,17.917
2023-11-20T00:00:00,276.7844,853.9574,2040.7402,2.4263,7.4858,17.8891
2023-11-21T00:00:00,276.4953,853.0924,2038.6145,2.4238,7.4782,17.8705
2023-11-22T00:00:00,275.4507,849.8724,2030.8818,2.4146,7.45,17.8027
2023-11-23T00:00:00,274.7082,847.5934,2025.3792,2.4081,7.43,17.7545
2023-11-24T00:00:00,271.8178,838.7229,2004.1362,2.3828,7.3522,17.5683
2023-11-25T00:00:00,269.5243,831.6628,1987.2647,2.3626,7.2904,17.4204
2023-11-26T00:00:00,267.9272,826.7804,1975.6241,2.3486,7.2476,17.3183
2023-11-27T00:00:00,267.167,824.4516,1970.0918,2.342,7.2271,17.2698
2023-11-28T00:00:00,266.7062,823.0177,1966.6929,2.3379,7.2146,17.24
2023-11-29T00:00:00,265.0752,817.9985,1954.6916,2.3236,7.1706,17.1348
2023-11-30T00:00:00,263.5772,813.3709,1943.6425,2.3105,7.13,17.038
2023-12-01T00:00:00,263.4564,812.9776,1942.7174,2.3095,7.1266,17.0299
2023-12-02T00:00:00,261.8248,807.9602,1930.7131,2.2952,7.0826,16.9246
2023-12-03T00:00:00,260.5098,803.8923,1920.9684,2.2836,7.0469,16.8392
2023-12-04T00:00:00,259.0263,799.3421,1910.0922,2.2706,7.007,16.7439
2023-12-05T00:00:00,257.8586,795.7435,1901.5022,2.2604,6.9755,16.6686
2023-12-06T00:00:00,258.6374,798.1327,1907.26,2.2672,6.9964,16.719
2023-12-07T00:00:00,259.0701,799.4862,1910.519,2.271,7.0083,16.7476
2023-12-08T00:00:00,259.4359,800.6416,1913.3335,2.2742,7.0184,16.7723
2023-12-09T00:00:00,260.7159,804.5886,1922.8443,2.2854,7.053,16.8557
2023-12-10T00:00:00,261.5871,807.2863,1929.3611,2.2931,7.0767,16.9128
2023-12-11T00:00:00,262.7701,810.9422,1938.167,2.3034,7.1087,16.99
2023-12-12T00:00:00,262.4326,809.9234,1935.7872,2.3005,7.0998,16.9691
2023-12-13T00:00:00,261.8562,808.1711,1931.6586,2.2954,7.0844,16.9329
2023-12-14T00:00:00,261.5544,807.2563,1929.5225,2.2928,7.0764,16.9142
2023-12-15T00:00:00,260.5128,804.0539,1921.8725,2.2837,7.0483,16.8471
2023-12-16T00:00:00,259.8642,802.0505,1917.0872,2.278,7.0308,16.8052
2023-12-17T00:00:00,258.3007,797.2489,1905.602,2.2643,6.9887,16.7045
2023-12-18T00:00:00,257.2671,794.0515,1897.9635,2.2552,6.9607,16.6375
2023-12-19T00:00:00,257.0769,793.4676,1896.6025,2.2535,6.9555,16.6256
2023-12-20T00:00:00,256.4754,791.6065,1892.138,2.2483,6.9392,16.5865
2023-12-21T00:00:00,256.3891,791.3296,1891.4998,2.2475,6.9368,16.5809
2023-12-22T00:00:00,256.5607,791.8513,1892.7851,2.249,6.9414,16.5922
2023-12-23T00:00:00,256.4607,791.556,1892.1026,2.2481,6.9388,16.5862
2023-12-24T00:00:00,257.5308,794.8557,1900.0405,2.2575,6.9677,16.6558
2023-12-25T00:00:00,256.9458,793.0682,1895.7625,2.2524,6.952,16.6183
2023-12-26T00:00:00,256.449,791.5309,1892.0891,2.248,6.9386,16.5861
2023-12-27T00:00:00,256.2451,790.9176,1890.6414,2.2462,6.9332,16.5734
2023-12-28T00:00:00,255.2593,787.8879,1883.3754,2.2376,6.9066,16.5097
2023-12-29T00:00:00,255.2005,787.7262,1882.9888,2.2371,6.9052,16.5063
2023-12-30T00:00:00,254.5681,785.7768,1878.3431,2.2315,6.8881,16.4656
2023-12-31T00:00:00,253.402,782.1522,1869.6573,2.2213,6.8563,16.3894
2024-01-01T00:00:00,253.0514,781.0729,1867.0873,2.2182,6.8469,16.3669
2024-01-02T00:00:00,252.4128,779.105,1862.3807,2.2127,6.8296,16.3256
2024-01-03T00:00:00,251.6955,776.8858,1857.0763,2.2064,6.8102,16.2791
2024-01-04T00:00:00,250.9259,774.5003,1851.3735,2.1996,6.7893,16.2291
2024-01-05T00:00:00,250.4566,773.0236,1847.8339,2.1955,6.7763,16.1981
2024-01-06T00:00:00,249.8359,771.1019,1843.2267,2.1901,6.7595,16.1577
2024-01-07T00:00:00,249.0661,768.7379,1837.5689,2.1833,6.7388,16.1081
2024-01-08T00:00:00,248.2273,766.1542,1831.3956,2.176,6.7161,16.054
2024-01-09T00:00:00,248.7981,767.9504,1835.682,2.181,6.7319,16.0916
2024-01-10T00:00:00,248.8713,768.2147,1836.3121,2.1816,6.7342,16.0971
2024-01-11T00:00:00,248.859,768.1956,1836.2602,2.1815,6.734,16.0967
2024-01-12T00:00:00,249.715,770.8702,1842.6734,2.189,6.7574,16.1529
2024-01-13T00:00:00,250.699,773.9509,1850.0487,2.1976,6.7845,16.2175
2024-01-14T00:00:00,251.9346,777.7796,1859.2324,2.2085,6.818,16.298
2024-01-15T00:00:00,252.9701,780.9679,1866.8619,2.2175,6.846,16.3649
2024-01-16T00:00:00,252.6971,780.1365,1864.873,2.2151,6.8387,16.3475
2024-01-17T00:00:00,251.6601,776.9189,1857.153,2.2061,6.8105,16.2798
2024-01-18T00:00:00,252.0106,778.0148,1859.7922,2.2091,6.8201,16.3029
2024-01-19T00:00:00,250.6381,773.7677,1849.6145,2.1971,6.7828,16.2137
2024-01-20T00:00:00,249.9901,771.7473,1844.7748,2.1914,6.7651,16.1713
2024-01-21T00:00:00,248.2462,766.3384,1831.8078,2.1761,6.7177,16.0576
2024-01-22T00:00:00,248.3691,766.7291,1832.7457,2.1772,6.7211,16.0658
2024-01-23T00:00:00,247.9025,765.2739,1829.2775,2.1731,6.7084,16.0354
2024-01-24T00:00:00,248.6329,767.559,1834.7863,2.1795,6.7284,16.0837
2024-01-25T00:00:00,248.7875,768.0715,1836.0198,2.1809,6.7329,16.0945
2024-01-26T00:00:00,248.8519,768.311,1836.6128,2.1814,6.735,16.0997
2024-01-27T00:00:00,248.683,767.8317,1835.4818,2.18,6.7308,16.0898
2024-01-28T00:00:00,249.074,769.0991,1838.532,2.1834,6.7419,16.1166
2024-01-29T00:00:00,247.972,765.7216,1830.4514,2.1737,6.7123,16.0457
2024-01-30T00:00:00,247.2222,763.4324,1824.9765,2.1672,6.6922,15.9977
2024-01-31T00:00:00,246.3317,760.6824,1818.3875,2.1593,6.6681,15.94
2024-02-01T00:00:00,244.9417,756.3906,1808.1121,2.1472,6.6305,15.8499
2024-02-02T00:00:00,243.4915,751.8869,1797.3227,2.1344,6.591,15.7553
2024-02-03T00:00:00,241.7347,746.4452,1784.269,2.119,6.5433,15.6409
2024-02-04T00:00:00,240.5042,742.6572,1775.195,2.1083,6.5101,15.5614
2024-02-05T00:00:00,238.5839,736.7124,1760.949,2.0914,6.458,15.4365
2024-02-06T00:00:00,237.1773,732.3473,1750.4889,2.0791,6.4198,15.3448
2024-02-07T00:00:00,235.9096,728.4261,1741.0754,2.068,6.3854,15.2623
2024-02-08T00:00:00,234.7,724.6722,1732.077,2.0574,6.3525,15.1834
2024-02-09T00:00:00,231.6038,715.1053,1709.1455,2.0302,6.2686,14.9824
2024-02-10T00:00:00,228.6925,706.0707,1687.5103,2.0047,6.1894,14.7927
2024-02-11T00:00:00,225.1961,695.191,1661.4272,1.9741,6.094,14.5641
2024-02-12T00:00:00,222.1982,685.8991,1639.1593,1.9478,6.0126,14.3689
2024-02-13T00:00:00,219.3069,676.9496,1617.7131,1.9224,5.9341,14.1809
2024-02-14T00:00:00,216.6965,668.8445,1598.3057,1.8996,5.8631,14.0107
2024-02-15T00:00:00,214.174,660.9913,1579.5098,1.8774,5.7943,13.846
2024-02-16T00:00:00,214.0518,660.5751,1578.5202,1.8764,5.7906,13.8373
2024-02-17T00:00:00,213.9139,660.1235,1577.4448,1.8752,5.7866,13.8279
2024-02-18T00:00:00,214.5703,662.1543,1582.3306,1.8809,5.8044,13.8707
2024-02-19T00:00:00,214.6608,662.4465,1583.0022,1.8817,5.807,13.8766
2024-02-20T00:00:00,215.0455,663.6484,1585.8263,1.8851,5.8175,13.9014
2024-02-21T00:00:00,215.7867,665.9663,1591.3124,1.8916,5.8379,13.9494
2024-02-22T00:00:00,216.5243,668.2708,1596.7669,1.8981,5.8581,13.9973
2024-02-23T00:00:00,217.6159,671.6768,1604.8724,1.9076,5.8879,14.0683
2024-02-24T00:00:00,218.2473,673.6885,1609.6345,1.9132,5.9056,14.1101
2024-02-25T00:00:00,218.5502,674.6852,1611.955,1.9158,5.9143,14.1304
2024-02-26T00:00:00,220.3398,680.2494,1625.2866,1.9315,5.9631,14.2473
2024-02-27T00:00:00,220.2082,679.8368,1624.317,1.9303,5.9594,14.2388
2024-02-28T00:00:00,219.2834,676.9815,1617.4856,1.9222,5.9344,14.1789
2024-02-29T00:00:00,219.2773,676.9885,1617.512,1.9222,5.9345,14.1791
2024-03-01T00:00:00,218.2042,673.663,1609.5633,1.9128,5.9053,14.1094
2024-03-02T00:00:00,217.7662,672.298,1606.3188,1.9089,5.8934,14.081
2024-03-03T00:00:00,217.4266,671.2341,1603.7899,1.906,5.884,14.0588
2024-03-04T00:00:00,217.2286,670.6085,1602.2876,1.9042,5.8786,14.0457
2024-03-05T00:00:00,218.3666,674.1153,1610.6832,1.9142,5.9093,14.1192
2024-03-06T00:00:00,219.2391,676.7949,1617.1111,1.9218,5.9328,14.1756
2024-03-07T00:00:00,218.7935,675.3859,1613.7265,1.9179,5.9204,14.1459
2024-03-08T00:00:00,219.7387,678.2788,1620.6472,1.9262,5.9458,14.2066
2024-03-09T00:00:00,220.5762,680.839,1626.7415,1.9336,5.9682,14.26
2024-03-10T00:00:00,222.0327,685.3163,1637.4473,1.9463,6.0075,14.3539
2024-03-11T00:00:00,222.7387,687.4791,1642.6007,1.9525,6.0264,14.399
2024-03-12T00:00:00,223.9043,691.0863,1651.2357,1.9627,6.0581,14.4747
2024-03-13T00:00:00,222.3007,686.1264,1639.3326,1.9487,6.0146,14.3704
2024-03-14T00:00:00,217.9963,672.877,1607.5638,1.911,5.8984,14.0919
2024-03-15T00:00:00,214.3697,661.7047,1580.7708,1.8792,5.8005,13.857
2024-03-16T00:00:00,210.6059,650.0955,1552.9646,1.8462,5.6987,13.6133
2024-03-17T00:00:00,206.1138,636.2395,1519.7615,1.8068,5.5773,13.3222
2024-03-18T00:00:00,201.5254,622.0739,1485.8134,1.7666,5.4531,13.0246
2024-03-19T00:00:00,197.0617,608.2885,1452.7731,1.7274,5.3323,12.735
2024-03-20T00:00:00,196.0397,605.1549,1445.2614,1.7185,5.3048,12.6692
2024-03-21T00:00:00,198.6408,613.1665,1464.4669,1.7413,5.375,12.8375
2024-03-22T00:00:00,199.7875,616.7281,1473.0029,1.7513,5.4062,12.9123
2024-03-23T00:00:00,200.8483,620.0275,1480.8919,1.7606,5.4352,12.9815
2024-03-24T00:00:00,202.1019,623.9114,1490.1889,1.7716,5.4692,13.063
2024-03-25T00:00:00,203.217,627.3661,1498.4694,1.7814,5.4995,13.1356
2024-03-26T00:00:00,203.9568,629.6632,1503.9784,1.7879,5.5196,13.1839
2024-03-27T00:00:00,204.246,630.5643,1506.1418,1.7904,5.5275,13.2028
2024-03-28T00:00:00,204.5183,631.4095,1508.1796,1.7928,5.5349,13.2207
2024-03-29T00:00:00,204.656,631.8346,1509.2076,1.794,5.5387,13.2297
2024-03-30T00:00:00,204.6842,631.9035,1509.393,1.7943,5.5393,13.2313
2024-03-31T00:00:00,204.7226,632.0082,1509.6579,1.7946,5.5402,13.2337
2024-04-01T00:00:00,204.5916,631.5928,1508.6754,1.7934,5.5365,13.225
2024-04-02T00:00:00,204.0898,630.0436,1504.9482,1.7891,5.523,13.1924
2024-04-03T00:00:00,203.6814,628.7609,1501.8672,1.7855,5.5117,13.1654
2024-04-04T00:00:00,202.6353,625.52,1494.0887,1.7763,5.4833,13.0972
2024-04-05T00:00:00,201.8339,623.0326,1488.1128,1.7693,5.4615,13.0448
2024-04-06T00:00:00,201.4641,621.9049,1485.3972,1.766,5.4516,13.021
2024-04-07T00:00:00,200.9239,620.2403,1481.3985,1.7613,5.437,12.9859
2024-04-08T00:00:00,199.8284,616.8488,1473.2719,1.7517,5.4073,12.9147
2024-04-09T00:00:00,198.8465,613.7915,1465.9712,1.7431,5.3805,12.8507
2024-04-10T00:00:00,197.9318,610.953,1459.1944,1.7351,5.3556,12.7913
2024-04-11T00:00:00,197.849,610.6957,1458.5937,1.7343,5.3534,12.786
2024-04-12T00:00:00,198.1291,611.5637,1460.6998,1.7368,5.361,12.8045
2024-04-13T00:00:00,198.1297,611.5667,1460.7383,1.7368,5.361,12.8048
2024-04-14T00:00:00,198.6021,613.0187,1464.2408,1.7409,5.3737,12.8355
2024-04-15T00:00:00,198.8417,613.7758,1466.0663,1.743,5.3804,12.8515
2024-04-16T00:00:00,199.1836,614.844,1468.6316,1.746,5.3897,12.874
2024-04-17T00:00:00,199.9197,617.1441,1474.1544,1.7525,5.4099,12.9224
2024-04-18T00:00:00,200.3542,618.5025,1477.4161,1.7563,5.4218,12.951
2024-04-19T00:00:00,200.8604,620.0823,1481.1988,1.7607,5.4356,12.9842
2024-04-20T00:00:00,201.0164,620.5716,1482.3599,1.7621,5.4399,12.9944
2024-04-21T00:00:00,200.7696,619.819,1480.5597,1.7599,5.4333,12.9786
2024-04-22T00:00:00,201.508,622.114,1486.0526,1.7664,5.4535,13.0267
2024-04-23T00:00:00,202.3045,624.6022,1492.0137,1.7734,5.4753,13.079
2024-04-24T00:00:00,202.827,626.2301,1495.8872,1.778,5.4895,13.1129
2024-04-25T00:00:00,203.8317,629.3506,1503.3559,1.7868,5.5169,13.1784
2024-04-26T00:00:00,203.9227,629.6445,1504.0565,1.7876,5.5195,13.1846
2024-04-27T00:00:00,204.5245,631.5052,1508.5196,1.7929,5.5358,13.2237
2024-04-28T00:00:00,204.9756,632.9151,1511.8968,1.7968,5.5481,13.2533
2024-04-29T00:00:00,205.4941,634.5217,1515.7654,1.8014,5.5622,13.2872
2024-04-30T00:00:00,206.1621,636.5788,1520.7063,1.8072,5.5803,13.3305
2024-05-01T00:00:00,206.6304,638.0181,1524.177,1.8113,5.5929,13.3609
2024-05-02T00:00:00,206.6419,638.0336,1524.2318,1.8114,5.593,13.3614
2024-05-03T00:00:00,206.9583,639.0018,1526.5509,1.8142,5.6015,13.3817
2024-05-04T00:00:00,206.8424,638.6422,1525.6812,1.8132,5.5983,13.3741
2024-05-05T00:00:00,207.1755,639.6682,1528.1393,1.8161,5.6073,13.3957
2024-05-06T00:00:00,207.3467,640.1991,1529.4072,1.8176,5.612,13.4068
2024-05-07T00:00:00,207.488,640.644,1530.4585,1.8188,5.6159,13.416
2024-05-08T00:00:00,207.4499,640.5353,1530.1763,1.8185,5.6149,13.4135
2024-05-09T00:00:00,206.7658,638.4016,1525.0525,1.8125,5.5962,13.3686
2024-05-10T00:00:00,206.8285,638.604,1525.5251,1.8131,5.598,13.3728
2024-05-11T00:00:00,206.9723,639.046,1526.577,1.8143,5.6019,13.382
2024-05-12T00:00:00,206.4841,637.5144,1522.9028,1.81,5.5885,13.3498
2024-05-13T00:00:00,206.1653,636.5295,1520.5142,1.8072,5.5798,13.3288
2024-05-14T00:00:00,206.1625,636.5328,1520.5275,1.8072,5.5798,13.3289
2024-05-15T00:00:00,206.8803,638.7652,1525.8831,1.8135,5.5994,13.3759
2024-05-16T00:00:00,207.8514,641.8292,1533.218,1.822,5.6263,13.4402
2024-05-17T00:00:00,208.5253,643.9214,1538.2561,1.8279,5.6446,13.4844
2024-05-18T00:00:00,209.3262,646.4205,1544.2453,1.835,5.6665,13.5369
2024-05-19T00:00:00,210.66,650.583,1554.2191,1.8466,5.703,13.6243
2024-05-20T00:00:00,211.531,653.2986,1560.7509,1.8543,5.7268,13.6815
2024-05-21T00:00:00,212.0184,654.8156,1564.3692,1.8586,5.7401,13.7133
2024-05-22T00:00:00,211.7358,653.927,1562.248,1.8561,5.7323,13.6947
2024-05-23T00:00:00,211.9864,654.6946,1564.087,1.8583,5.7391,13.7108
2024-05-24T00:00:00,212.1432,655.1798,1565.2384,1.8596,5.7433,13.7209
2024-05-25T00:00:00,212.2654,655.5598,1566.1411,1.8607,5.7466,13.7288
2024-05-26T00:00:00,212.0698,654.9526,1564.6787,1.859,5.7413,13.716
2024-05-27T00:00:00,212.2216,655.4131,1565.7698,1.8603,5.7454,13.7255
2024-05-28T00:00:00,212.2022,655.3504,1565.6255,1.8602,5.7448,13.7243
2024-05-29T00:00:00,212.6211,656.6559,1568.7532,1.8638,5.7562,13.7517
2024-05-30T00:00:00,212.7231,656.9726,1569.5208,1.8647,5.759,13.7584
2024-05-31T00:00:00,212.8319,657.3049,1570.3104,1.8657,5.7619,13.7653
2024-06-01T00:00:00,212.5344,656.3758,1568.0837,1.8631,5.7538,13.7458
2024-06-02T00:00:00,212.6666,656.7687,1569.0334,1.8642,5.7572,13.7541
2024-06-03T00:00:00,212.3939,655.8951,1566.9632,1.8618,5.7496,13.736
2024-06-04T00:00:00,212.0505,654.824,1564.3996,1.8588,5.7402,13.7135
2024-06-05T00:00:00,212.1913,655.2624,1565.4527,1.8601,5.744,13.7228
2024-06-06T00:00:00,212.1147,655.0032,1564.8218,1.8594,5.7418,13.7172
2024-06-07T00:00:00,212.01,654.676,1564.0573,1.8585,5.7389,13.7105
2024-06-08T00:00:00,211.8176,654.0648,1562.5994,1.8568,5.7335,13.6977
2024-06-09T00:00:00,212.1354,655.0486,1564.9533,1.8596,5.7422,13.7184
2024-06-10T00:00:00,212.446,656.0233,1567.2766,1.8623,5.7507,13.7387
2024-06-11T00:00:00,212.815,657.149,1569.9804,1.8655,5.7606,13.7624
2024-06-12T00:00:00,211.9919,654.6146,1563.8866,1.8583,5.7384,13.709
2024-06-13T00:00:00,212.2083,655.3053,1565.5348,1.8602,5.7444,13.7235
2024-06-14T00:00:00,212.5924,656.4952,1568.3442,1.8636,5.7548,13.7481
2024-06-15T00:00:00,213.4163,659.069,1574.4923,1.8708,5.7774,13.802
2024-06-16T00:00:00,213.8493,660.4282,1577.7283,1.8746,5.7893,13.8304
2024-06-17T00:00:00,214.1509,661.3818,1579.9901,1.8772,5.7977,13.8502
2024-06-18T00:00:00,214.6748,663.0202,1583.8695,1.8818,5.812,13.8842
2024-06-19T00:00:00,215.8181,666.5494,1592.3146,1.8919,5.843,13.9582
2024-06-20T00:00:00,216.0321,667.1926,1593.8578,1.8937,5.8486,13.9718
2024-06-21T00:00:00,215.7464,666.3122,1591.79,1.8912,5.8409,13.9536
2024-06-22T00:00:00,215.8388,666.575,1592.4285,1.892,5.8432,13.9592
2024-06-23T00:00:00,215.6963,666.1398,1591.3983,1.8908,5.8394,13.9502
2024-06-24T00:00:00,215.5216,665.5826,1590.0782,1.8893,5.8345,13.9386
2024-06-25T00:00:00,215.2098,664.6051,1587.7825,1.8865,5.8259,13.9185
2024-06-26T00:00:00,214.7772,663.2598,1584.5811,1.8827,5.8141,13.8904
2024-06-27T00:00:00,214.2128,661.5016,1580.3774,1.8778,5.7987,13.8536
2024-06-28T00:00:00,214.2773,661.6952,1580.81,1.8784,5.8004,13.8574
2024-06-29T00:00:00,214.2783,661.6929,1580.8007,1.8784,5.8004,13.8573
2024-06-30T00:00:00,213.5941,659.5502,1575.6842,1.8724,5.7816,13.8124
2024-07-01T00:00:00,213.813,660.2265,1577.2967,1.8743,5.7875,13.8266
2024-07-02T00:00:00,213.34,658.7661,1573.7764,1.8701,5.7747,13.7957
2024-07-03T00:00:00,213.0956,658.018,1571.9965,1.868,5.7682,13.7801
2024-07-04T00:00:00,213.9492,660.6815,1578.3676,1.8755,5.7915,13.836
2024-07-05T00:00:00,213.8787,660.4661,1577.869,1.8749,5.7896,13.8316
2024-07-06T00:00:00,212.9942,657.7495,1571.3833,1.8671,5.7658,13.7747
2024-07-07T00:00:00,212.8502,657.3206,1570.3579,1.8658,5.7621,13.7658
2024-07-08T00:00:00,211.6252,653.5268,1561.2802,1.8551,5.7288,13.6862
2024-07-09T00:00:00,211.3911,652.81,1559.5737,1.8531,5.7225,13.6712
2024-07-10T00:00:00,211.0767,651.8281,1557.2134,1.8503,5.7139,13.6505
2024-07-11T00:00:00,210.658,650.5534,1554.176,1.8466,5.7028,13.6239
2024-07-12T00:00:00,210.3237,649.5112,1551.7013,1.8437,5.6936,13.6022
2024-07-13T00:00:00,211.7937,654.0641,1562.6206,1.8566,5.7335,13.6979
2024-07-14T00:00:00,212.9646,657.6787,1571.292,1.8668,5.7652,13.7739
2024-07-15T00:00:00,214.9602,663.8719,1586.1608,1.8843,5.8195,13.9043
2024-07-16T00:00:00,215.9422,666.9106,1593.4701,1.8929,5.8461,13.9684
2024-07-17T00:00:00,216.8178,669.6298,1600.0061,1.9006,5.87,14.0257
2024-07-18T00:00:00,216.8633,669.7731,1600.3377,1.901,5.8712,14.0286
2024-07-19T00:00:00,217.4741,671.6895,1604.9061,1.9064,5.888,14.0686
2024-07-20T00:00:00,216.821,669.6935,1600.1009,1.9007,5.8705,14.0265
2024-07-21T00:00:00,216.0234,667.2578,1594.2396,1.8937,5.8492,13.9751
2024-07-22T00:00:00,214.6432,662.9963,1583.9912,1.8816,5.8118,13.8853
2024-07-23T00:00:00,213.5334,659.5811,1575.777,1.8718,5.7819,13.8133
2024-07-24T00:00:00,211.807,654.2501,1562.9668,1.8567,5.7352,13.701
2024-07-25T00:00:00,209.4801,647.0401,1545.6764,1.8363,5.672,13.5494
2024-07-26T00:00:00,206.2039,636.9071,1521.3731,1.8076,5.5831,13.3364
2024-07-27T00:00:00,202.0846,624.1528,1490.7907,1.7715,5.4713,13.0683
2024-07-28T00:00:00,197.4294,609.7459,1456.2535,1.7307,5.345,12.7655
2024-07-29T00:00:00,192.4634,594.3829,1419.4349,1.6871,5.2104,12.4428
2024-07-30T00:00:00,187.1291,577.8806,1379.8892,1.6404,5.0657,12.0961
2024-07-31T00:00:00,181.8134,561.4384,1340.4978,1.5938,4.9216,11.7508
2024-08-01T00:00:00,176.6882,545.5856,1302.5266,1.5488,4.7826,11.4179
2024-08-02T00:00:00,171.7049,530.1679,1265.612,1.5052,4.6475,11.0944
2024-08-03T00:00:00,166.9463,515.4446,1230.3719,1.4635,4.5184,10.7854
2024-08-04T00:00:00,162.4831,501.6285,1197.3033,1.4243,4.3973,10.4956
2024-08-05T00:00:00,158.122,488.126,1164.9888,1.3861,4.2789,10.2123
2024-08-06T00:00:00,154.009,475.3943,1134.5229,1.35,4.1673,9.9452
2024-08-07T00:00:00,150.186,463.5645,1106.2185,1.3165,4.0636,9.6971
2024-08-08T00:00:00,146.8021,453.0837,1081.1471,1.2869,3.9717,9.4773
2024-08-09T00:00:00,153.6967,474.4376,1132.2535,1.3473,4.1589,9.9253
2024-08-10T00:00:00,161.5008,498.6025,1190.1006,1.4157,4.3707,10.4324
2024-08-11T00:00:00,169.9761,524.8466,1252.929,1.49,4.6008,10.9832
2024-08-12T00:00:00,179.3863,553.9914,1322.6969,1.5725,4.8563,11.5948
2024-08-13T00:00:00,189.1428,584.1984,1395.0002,1.658,5.1211,12.2286
2024-08-14T00:00:00,199.735,616.9767,1473.4529,1.7509,5.4084,12.9163
2024-08-15T00:00:00,210.2906,649.6692,1551.6959,1.8434,5.695,13.6022
2024-08-16T00:00:00,211.1178,652.2355,1557.8365,1.8507,5.7175,13.656
2024-08-19T00:00:00,210.6896,650.8893,1554.6118,1.8469,5.7057,13.6277
2024-08-20T00:00:00,210.2703,649.5878,1551.4839,1.8432,5.6943,13.6003
2024-08-21T00:00:00,208.2654,643.3671,1536.5795,1.8257,5.6398,13.4697
2024-08-22T00:00:00,206.8654,639.0309,1526.1793,1.8134,5.6017,13.3785
2024-08-23T00:00:00,205.8251,635.8208,1518.5016,1.8043,5.5736,13.3112
2024-08-24T00:00:00,205.0001,633.2716,1512.4383,1.797,5.5513,13.258
2024-08-25T00:00:00,203.7595,629.4518,1503.3592,1.7862,5.5178,13.1784
2024-08-26T00:00:00,203.9408,630.0332,1504.7588,1.7877,5.5229,13.1907
2024-08-27T00:00:00,204.1958,630.8325,1506.6849,1.79,5.5299,13.2076
2024-08-28T00:00:00,205.9413,636.2547,1519.6729,1.8053,5.5774,13.3215
2024-08-29T00:00:00,207.5242,641.184,1531.4987,1.8192,5.6206,13.4251
2024-08-30T00:00:00,208.2069,643.3082,1536.5796,1.8251,5.6392,13.4697
2024-08-31T00:00:00,208.852,645.301,1541.315,1.8308,5.6567,13.5112
2024-09-01T00:00:00,210.2191,649.5122,1551.344,1.8428,5.6936,13.5991
2024-09-02T00:00:00,210.4732,650.3092,1553.248,1.845,5.7006,13.6158
2024-09-03T00:00:00,210.7319,651.1181,1555.185,1.8473,5.7077,13.6328
2024-09-04T00:00:00,210.8139,651.3717,1555.7897,1.848,5.7099,13.6381
2024-09-05T00:00:00,210.656,650.8632,1554.5631,1.8466,5.7055,13.6273
2024-09-06T00:00:00,210.286,649.7035,1551.7794,1.8434,5.6953,13.6029
2024-09-07T00:00:00,210.1147,649.1624,1550.4825,1.8419,5.6906,13.5915
2024-09-08T00:00:00,209.3616,646.814,1544.8592,1.8353,5.67,13.5422
2024-09-09T00:00:00,209.6469,647.6854,1546.9378,1.8378,5.6776,13.5605
2024-09-10T00:00:00,209.5727,647.4463,1546.3464,1.8371,5.6755,13.5553
2024-09-11T00:00:00,209.342,646.7289,1544.6269,1.8351,5.6692,13.5402
2024-09-12T00:00:00,209.3841,646.8578,1544.9246,1.8355,5.6704,13.5428
2024-09-13T00:00:00,209.8146,648.1939,1548.1502,1.8392,5.6821,13.5711
2024-09-14T00:00:00,210.0338,648.8775,1549.81,1.8412,5.6881,13.5856
2024-09-15T00:00:00,209.7426,647.9665,1547.6457,1.8386,5.6801,13.5667
2024-09-16T00:00:00,208.5616,644.296,1538.8831,1.8283,5.6479,13.4898
2024-09-17T00:00:00,207.2667,640.2668,1529.2653,1.8169,5.6126,13.4055
2024-09-18T00:00:00,205.882,635.954,1518.9678,1.8048,5.5748,13.3153
2024-09-19T00:00:00,205.3028,634.1444,1514.667,1.7997,5.5589,13.2776
2024-09-20T00:00:00,203.9094,629.8474,1504.3779,1.7875,5.5212,13.1874
2024-09-21T00:00:00,203.2417,627.8056,1499.4801,1.7816,5.5033,13.1444
2024-09-22T00:00:00,203.0435,627.2165,1498.0755,1.7799,5.4982,13.1321
2024-09-23T00:00:00,202.9625,626.9789,1497.5008,1.7792,5.4961,13.1271
2024-09-24T00:00:00,203.5474,628.8231,1501.9124,1.7843,5.5123,13.1658
2024-09-25T00:00:00,204.1314,630.6564,1506.2799,1.7894,5.5283,13.204
2024-09-26T00:00:00,203.9707,630.1876,1505.1437,1.788,5.5242,13.1941
2024-09-27T00:00:00,204.5725,632.0436,1509.5593,1.7933,5.5405,13.2328
2024-09-28T00:00:00,204.1688,630.7804,1506.5266,1.7897,5.5294,13.2062
2024-09-29T00:00:00,202.9525,627.0182,1497.5077,1.7791,5.4964,13.1272
2024-09-30T00:00:00,201.6027,622.8446,1487.4944,1.7672,5.4599,13.0394
2024-10-01T00:00:00,199.6218,616.7104,1472.7851,1.7499,5.4061,12.9104
2024-10-02T00:00:00,200.1137,618.2422,1476.4421,1.7542,5.4195,12.9425
2024-10-03T00:00:00,200.907,620.686,1482.2745,1.7612,5.4409,12.9936
2024-10-04T00:00:00,201.5346,622.6205,1486.9032,1.7667,5.4579,13.0342
2024-10-05T00:00:00,202.6915,626.1901,1495.4297,1.7768,5.4892,13.1089
2024-10-06T00:00:00,204.9696,633.2329,1512.2808,1.7968,5.5509,13.2567
2024-10-07T00:00:00,207.748,641.829,1532.8513,1.8211,5.6263,13.437
2024-10-08T00:00:00,210.6289,650.7151,1554.1288,1.8464,5.7042,13.6235
2024-10-09T00:00:00,211.6,653.7061,1561.2698,1.8549,5.7304,13.6861
2024-10-10T00:00:00,211.2757,652.7044,1558.8603,1.852,5.7216,13.665
2024-10-11T00:00:00,210.7273,651.009,1554.7922,1.8472,5.7067,13.6293
2024-10-12T00:00:00,209.7197,647.8817,1547.3114,1.8384,5.6793,13.5637
2024-10-13T00:00:00,208.7443,644.8491,1540.0441,1.8299,5.6527,13.5
2024-10-14T00:00:00,207.4347,640.7753,1530.2855,1.8184,5.617,13.4145
2024-10-15T00:00:00,209.1472,646.0814,1542.9359,1.8334,5.6635,13.5254
2024-10-16T00:00:00,208.7898,644.9873,1540.2981,1.8303,5.654,13.5023
2024-10-17T00:00:00,209.3224,646.6293,1544.2112,1.8349,5.6684,13.5366
2024-10-18T00:00:00,209.8485,648.2654,1548.1007,1.8395,5.6827,13.5707
2024-10-19T00:00:00,210.8808,651.4657,1555.7312,1.8486,5.7107,13.6375
2024-10-20T00:00:00,211.4245,653.1728,1559.7858,1.8533,5.7257,13.6731
2024-10-21T00:00:00,213.4097,659.3596,1574.5818,1.8707,5.7799,13.8028
2024-10-22T00:00:00,212.6051,656.8879,1568.6712,1.8637,5.7583,13.751
2024-10-23T00:00:00,213.5133,659.6999,1575.398,1.8717,5.7829,13.8099
2024-10-24T00:00:00,214.2386,661.9545,1580.7838,1.878,5.8027,13.8572
2024-10-25T00:00:00,215.3227,665.3054,1588.7989,1.8875,5.8321,13.9274
2024-10-26T00:00:00,216.2023,668.0167,1595.2749,1.8952,5.8558,13.9842
2024-10-27T00:00:00,217.4819,671.9544,1604.6856,1.9064,5.8904,14.0667
2024-10-28T00:00:00,217.7397,672.7179,1606.4817,1.9087,5.897,14.0824
2024-10-29T00:00:00,217.578,672.2062,1605.2392,1.9073,5.8926,14.0715
2024-10-30T00:00:00,217.8833,673.1222,1607.4123,1.91,5.9006,14.0906
2024-10-31T00:00:00,217.4499,671.7748,1604.1728,1.9062,5.8888,14.0622
2024-11-01T00:00:00,217.1045,670.7122,1601.6204,1.9031,5.8795,14.0398
2024-11-02T00:00:00,216.8134,669.8303,1599.4978,1.9006,5.8717,14.0212
2024-11-03T00:00:00,215.5743,666.0151,1590.3523,1.8897,5.8383,13.941
2024-11-04T00:00:00,214.2675,661.9992,1580.7546,1.8783,5.8031,13.8569
2024-11-05T00:00:00,213.7782,660.4956,1577.1645,1.874,5.7899,13.8254
2024-11-06T00:00:00,213.0639,658.3224,1571.9695,1.8677,5.7709,13.7799
2024-11-07T00:00:00,212.8626,657.7074,1570.4963,1.866,5.7655,13.767
2024-11-08T00:00:00,212.459,656.4669,1567.5246,1.8624,5.7546,13.7409
2024-11-09T00:00:00,211.8248,654.5062,1562.822,1.8569,5.7374,13.6997
2024-11-10T00:00:00,212.4002,656.2854,1567.0784,1.8619,5.753,13.737
2024-11-11T00:00:00,213.3411,659.1931,1574.0252,1.8701,5.7785,13.7979
2024-11-12T00:00:00,213.6621,660.194,1576.4131,1.873,5.7873,13.8188
2024-11-13T00:00:00,213.6117,660.0193,1575.9753,1.8725,5.7857,13.815
2024-11-14T00:00:00,213.656,660.1572,1576.2836,1.8729,5.7869,13.8177
2024-11-15T00:00:00,214.1794,661.754,1580.1044,1.8775,5.8009,13.8512
2024-11-16T00:00:00,214.4012,662.4298,1581.7085,1.8794,5.8069,13.8653
2024-11-17T00:00:00,214.882,663.9047,1585.2352,1.8837,5.8198,13.8962
2024-11-18T00:00:00,214.4599,662.5962,1582.0835,1.88,5.8083,13.8685
2024-11-19T00:00:00,213.6048,659.9377,1575.7179,1.8725,5.785,13.8127
2024-11-20T00:00:00,213.2952,658.9906,1573.4606,1.8697,5.7767,13.793
2024-11-21T00:00:00,212.9453,657.9112,1570.8851,1.8667,5.7672,13.7704
2024-11-22T00:00:00,212.4682,656.4529,1567.3867,1.8625,5.7545,13.7397
2024-11-23T00:00:00,212.7373,657.3055,1569.4506,1.8649,5.7619,13.7578
2024-11-24T00:00:00,212.553,656.7518,1568.1275,1.8632,5.7571,13.7462
2024-11-25T00:00:00,212.599,656.8879,1568.4598,1.8636,5.7583,13.7491
2024-11-26T00:00:00,213.1241,658.5085,1572.3303,1.8682,5.7725,13.783
2024-11-27T00:00:00,213.2888,659.0261,1573.5548,1.8697,5.777,13.7938
2024-11-28T00:00:00,213.4179,659.4188,1574.4924,1.8708,5.7805,13.802
2024-11-29T00:00:00,213.0285,658.1968,1571.5455,1.8674,5.7698,13.7762
2024-11-30T00:00:00,212.3363,656.0396,1566.3538,1.8613,5.7508,13.7307
2024-12-01T00:00:00,211.0694,652.1069,1556.9154,1.8502,5.7164,13.6479
2024-12-02T00:00:00,209.6948,647.8432,1546.6837,1.8382,5.679,13.5582
2024-12-03T00:00:00,208.4869,644.1115,1537.7295,1.8276,5.6463,13.4797
2024-12-04T00:00:00,207.5303,641.1357,1530.588,1.8192,5.6202,13.4171
2024-12-05T00:00:00,206.7101,638.5724,1524.4324,1.812,5.5977,13.3632
2024-12-06T00:00:00,205.8267,635.8324,1517.8495,1.8043,5.5737,13.3055
2024-12-07T00:00:00,204.6462,632.175,1509.0774,1.7939,5.5416,13.2286
2024-12-08T00:00:00,204.8803,632.8955,1510.7851,1.796,5.548,13.2435
2024-12-09T00:00:00,205.1928,633.8638,1513.0986,1.7987,5.5564,13.2638
2024-12-10T00:00:00,205.233,633.9888,1513.3791,1.7991,5.5575,13.2663
2024-12-11T00:00:00,204.7697,632.5457,1509.8978,1.795,5.5449,13.2358
2024-12-12T00:00:00,204.2557,630.9801,1506.127,1.7905,5.5312,13.2027
2024-12-13T00:00:00,204.3531,631.2891,1506.8809,1.7914,5.5339,13.2093
2024-12-14T00:00:00,204.3929,631.4182,1507.184,1.7917,5.535,13.212
2024-12-15T00:00:00,203.8832,629.8458,1503.4043,1.7872,5.5212,13.1788
2024-12-16T00:00:00,203.1524,627.5895,1497.9855,1.7808,5.5014,13.1313
2024-12-17T00:00:00,202.649,626.0182,1494.2174,1.7764,5.4877,13.0983
2024-12-18T00:00:00,202.6624,626.0812,1494.3625,1.7765,5.4882,13.0996
2024-12-19T00:00:00,202.4903,625.5484,1493.0926,1.775,5.4836,13.0884
2024-12-20T00:00:00,201.871,623.6347,1488.4987,1.7696,5.4668,13.0482
2024-12-21T00:00:00,201.7994,623.4054,1487.9379,1.769,5.4648,13.0433
2024-12-22T00:00:00,201.1438,621.3718,1483.0762,1.7632,5.4469,13.0006
2024-12-23T00:00:00,201.1624,621.4243,1483.2087,1.7634,5.4474,13.0018
2024-12-24T00:00:00,200.8362,620.425,1480.8219,1.7605,5.4386,12.9809
2024-12-25T00:00:00,200.3947,619.0233,1477.4731,1.7567,5.4264,12.9515
2024-12-26T00:00:00,200.1812,618.3457,1475.8442,1.7548,5.4204,12.9373
2024-12-27T00:00:00,200.3027,618.7053,1476.7031,1.7559,5.4236,12.9448
2024-12-28T00:00:00,200.0946,618.0602,1475.1602,1.754,5.4179,12.9313
2024-12-29T00:00:00,200.4628,619.1945,1477.8666,1.7573,5.4279,12.955
2024-12-30T00:00:00,200.7562,620.1039,1480.0158,1.7598,5.4358,12.9738
2024-12-31T00:00:00,200.9,620.5305,1481.0271,1.7611,5.4396,12.9827
2025-01-01T00:00:00,201.0783,621.0767,1482.3304,1.7627,5.4444,12.9941
2025-01-02T00:00:00,200.7201,619.9668,1479.6713,1.7595,5.4346,12.9708
2025-01-03T00:00:00,200.3148,618.7163,1476.679,1.756,5.4237,12.9446
2025-01-04T00:00:00,200.2352,618.4607,1476.0635,1.7553,5.4214,12.9392
2025-01-05T00:00:00,199.7905,617.0717,1472.742,1.7514,5.4093,12.9101
2025-01-06T00:00:00,199.3095,615.5568,1469.138,1.7471,5.396,12.8785
2025-01-07T00:00:00,199.1609,615.0922,1468.0283,1.7458,5.3919,12.8687
2025-01-08T00:00:00,198.4846,613.0144,1463.0673,1.7399,5.3737,12.8252
2025-01-09T00:00:00,198.6315,613.4743,1464.1807,1.7412,5.3777,12.835
2025-01-10T00:00:00,198.6432,613.5096,1464.2599,1.7413,5.378,12.8357
2025-01-11T00:00:00,198.691,613.6676,1464.644,1.7417,5.3794,12.8391
2025-01-12T00:00:00,198.766,613.9099,1465.2303,1.7424,5.3815,12.8442
2025-01-13T00:00:00,198.8934,614.3206,1466.213,1.7435,5.3851,12.8528
2025-01-14T00:00:00,199.296,615.5689,1469.2018,1.747,5.3961,12.879
2025-01-15T00:00:00,199.8387,617.2454,1473.2013,1.7518,5.4108,12.9141
2025-01-16T00:00:00,199.459,616.0698,1470.3752,1.7485,5.4005,12.8893
2025-01-17T00:00:00,199.4712,616.1209,1470.4876,1.7486,5.4009,12.8903
2025-01-18T00:00:00,199.0253,614.7461,1467.2085,1.7447,5.3889,12.8615
2025-01-19T00:00:00,198.9858,614.6392,1466.9584,1.7443,5.3879,12.8594
2025-01-20T00:00:00,198.9654,614.5952,1466.8549,1.7441,5.3875,12.8585
2025-01-21T00:00:00,198.1001,611.934,1460.4854,1.7365,5.3642,12.8026
2025-01-22T00:00:00,198.1504,612.1005,1460.8923,1.737,5.3657,12.8062
2025-01-23T00:00:00,198.6288,613.6025,1464.4959,1.7412,5.3788,12.8378
2025-01-24T00:00:00,198.5328,613.3091,1463.8058,1.7403,5.3763,12.8317
2025-01-25T00:00:00,198.6806,613.7758,1464.9192,1.7416,5.3804,12.8415
2025-01-26T00:00:00,198.1278,612.0594,1460.811,1.7368,5.3653,12.8055
2025-01-27T00:00:00,197.9978,611.6628,1459.864,1.7356,5.3618,12.7972
2025-01-28T00:00:00,198.477,613.1438,1463.3984,1.7398,5.3748,12.8281
2025-01-29T00:00:00,198.0098,611.7038,1459.9487,1.7358,5.3622,12.7979
2025-01-30T00:00:00,197.9983,611.6594,1459.8333,1.7357,5.3618,12.7969
2025-01-31T00:00:00,198.2785,612.5316,1461.9255,1.7381,5.3695,12.8152
2025-02-01T00:00:00,197.8354,611.1543,1458.6207,1.7342,5.3574,12.7863
2025-02-02T00:00:00,197.7256,610.8225,1457.8159,1.7333,5.3545,12.7792
2025-02-03T00:00:00,196.6391,607.4388,1449.7178,1.7237,5.3248,12.7082
2025-02-04T00:00:00,196.1318,605.8713,1445.9591,1.7193,5.3111,12.6753
2025-02-05T00:00:00,195.7615,604.717,1443.1919,1.716,5.3009,12.651
2025-02-06T00:00:00,194.9079,602.0755,1436.8685,1.7086,5.2778,12.5956
2025-02-07T00:00:00,193.5969,598.0011,1427.1207,1.6971,5.2421,12.5101
2025-02-08T00:00:00,193.07,596.3753,1423.2451,1.6925,5.2278,12.4762
2025-02-09T00:00:00,192.6564,595.0875,1420.1813,1.6888,5.2165,12.4493
2025-02-10T00:00:00,192.7867,595.5011,1421.1921,1.69,5.2202,12.4582
2025-02-11T00:00:00,192.4204,594.3797,1418.5364,1.6868,5.2103,12.4349
2025-02-12T00:00:00,192.0239,593.1623,1415.6379,1.6833,5.1997,12.4095
2025-02-13T00:00:00,191.6901,592.1309,1413.1729,1.6804,5.1906,12.3879
2025-02-14T00:00:00,191.8359,592.5922,1414.2756,1.6816,5.1947,12.3975
2025-02-15T00:00:00,191.7257,592.2604,1413.4688,1.6807,5.1918,12.3905
2025-02-16T00:00:00,191.6103,591.9136,1412.6278,1.6797,5.1887,12.3831
2025-02-17T00:00:00,191.5374,591.7016,1412.095,1.679,5.1869,12.3784
2025-02-18T00:00:00,191.3046,590.9783,1410.355,1.677,5.1805,12.3632
2025-02-19T00:00:00,191.3352,591.0697,1410.567,1.6772,5.1813,12.365
2025-02-20T00:00:00,191.2187,590.6999,1409.6827,1.6762,5.1781,12.3573
2025-02-21T00:00:00,189.1564,584.3078,1394.3987,1.6581,5.122,12.2233
2025-02-22T00:00:00,187.8139,580.1464,1384.4367,1.6464,5.0856,12.136
2025-02-23T00:00:00,187.0171,577.6827,1378.5379,1.6394,5.064,12.0843
2025-02-24T00:00:00,184.4981,569.8793,1359.8687,1.6173,4.9956,11.9206
2025-02-25T00:00:00,182.7976,564.6109,1347.2612,1.6024,4.9494,11.8101
2025-02-26T00:00:00,180.8556,558.607,1332.8895,1.5854,4.8967,11.6841
2025-02-27T00:00:00,179.6562,554.9273,1324.0782,1.5749,4.8645,11.6069
2025-02-28T00:00:00,180.0397,556.1556,1326.992,1.5782,4.8753,11.6324
2025-03-01T00:00:00,180.5881,557.8754,1331.1059,1.583,4.8903,11.6685
2025-03-02T00:00:00,180.6122,557.9706,1331.3261,1.5832,4.8912,11.6704
2025-03-03T00:00:00,181.8109,561.7025,1340.2454,1.5938,4.9239,11.7486
2025-03-04T00:00:00,182.2758,563.1722,1343.7589,1.5978,4.9368,11.7794
2025-03-05T00:00:00,183.9708,568.4366,1356.3548,1.6127,4.9829,11.8898
2025-03-06T00:00:00,184.1487,568.9899,1357.6918,1.6142,4.9878,11.9015
2025-03-07T00:00:00,184.3764,569.6946,1359.3765,1.6162,4.9939,11.9163
2025-03-08T00:00:00,184.1881,569.1015,1357.9749,1.6146,4.9887,11.904
2025-03-09T00:00:00,183.9775,568.456,1356.4394,1.6127,4.9831,11.8905
2025-03-10T00:00:00,183.8204,567.9677,1355.281,1.6114,4.9788,11.8804
2025-03-11T00:00:00,183.8413,568.0207,1355.4199,1.6116,4.9793,11.8816
2025-03-12T00:00:00,182.6173,564.2307,1346.3713,1.6008,4.946,11.8023
2025-03-13T00:00:00,182.2061,562.9458,1343.2938,1.5972,4.9348,11.7753
2025-03-14T00:00:00,181.9084,562.0111,1341.0743,1.5946,4.9266,11.7559
2025-03-15T00:00:00,181.086,559.4647,1334.9805,1.5874,4.9043,11.7024
2025-03-16T00:00:00,180.6782,558.1894,1331.9286,1.5838,4.8931,11.6757
2025-03-17T00:00:00,180.4642,557.5244,1330.3388,1.5819,4.8873,11.6617
2025-03-18T00:00:00,179.5472,554.6675,1323.4918,1.5739,4.8622,11.6017
2025-03-19T00:00:00,178.9562,552.8373,1319.1122,1.5687,4.8462,11.5633
2025-03-20T00:00:00,178.4023,551.1221,1315.0125,1.5639,4.8311,11.5274
2025-03-21T00:00:00,177.9353,549.6775,1311.5643,1.5598,4.8185,11.4972
2025-03-22T00:00:00,177.763,549.1349,1310.2747,1.5583,4.8137,11.4859
2025-03-23T00:00:00,177.5237,548.3838,1308.5048,1.5562,4.8071,11.4704
2025-03-24T00:00:00,177.2875,547.6254,1306.7096,1.5541,4.8005,11.4546
2025-03-25T00:00:00,177.883,549.4745,1311.1537,1.5593,4.8167,11.4936
2025-03-26T00:00:00,178.4225,551.1338,1315.1288,1.5641,4.8312,11.5284
2025-03-27T00:00:00,179.1315,553.3276,1320.3938,1.5703,4.8505,11.5746
2025-03-28T00:00:00,179.7297,555.1693,1324.8058,1.5755,4.8666,11.6132
2025-03-29T00:00:00,180.2359,556.752,1328.5922,1.5799,4.8805,11.6464
2025-03-30T00:00:00,180.5955,557.865,1331.2521,1.5831,4.8902,11.6698
2025-03-31T00:00:00,178.0653,550.0495,1312.5421,1.5609,4.8217,11.5057
2025-04-01T00:00:00,177.7536,549.0904,1310.2566,1.5582,4.8133,11.4857
2025-04-02T00:00:00,177.2013,547.381,1306.1694,1.5533,4.7983,11.4499
2025-04-03T00:00:00,175.9291,543.4402,1296.7581,1.5422,4.7638,11.3674
2025-04-04T00:00:00,175.1313,540.9763,1290.8665,1.5352,4.7422,11.3157
2025-04-05T00:00:00,173.7488,536.6727,1280.5885,1.5231,4.7045,11.2256
2025-04-06T00:00:00,173.6308,536.3223,1279.7444,1.522,4.7014,11.2182
2025-04-07T00:00:00,175.7774,542.9715,1295.6793,1.5409,4.7597,11.3579
2025-04-08T00:00:00,175.5025,542.1272,1293.6701,1.5385,4.7523,11.3403
2025-04-09T00:00:00,175.4955,542.1072,1293.6329,1.5384,4.7521,11.34
2025-04-10T00:00:00,176.2955,544.5896,1299.5667,1.5454,4.7739,11.392
2025-04-11T00:00:00,176.6979,545.8361,1302.5599,1.5489,4.7848,11.4182
2025-04-12T00:00:00,177.4597,548.2021,1308.2174,1.5556,4.8055,11.4678
2025-04-13T00:00:00,176.6095,545.5465,1301.8775,1.5482,4.7823,11.4123
2025-04-14T00:00:00,176.204,544.2868,1298.8608,1.5446,4.7712,11.3858
2025-04-15T00:00:00,175.9039,543.3534,1296.6221,1.542,4.763,11.3662
2025-04-16T00:00:00,175.7065,542.7547,1295.1781,1.5402,4.7578,11.3535
2025-04-17T00:00:00,175.571,542.3381,1294.1768,1.5391,4.7541,11.3448
2025-04-18T00:00:00,175.5977,542.4118,1294.3379,1.5393,4.7548,11.3462
2025-04-19T00:00:00,174.1183,537.8483,1283.4048,1.5263,4.7148,11.2503
2025-04-20T00:00:00,174.1193,537.8713,1283.4521,1.5263,4.715,11.2507
2025-04-21T00:00:00,175.0341,540.7234,1290.2625,1.5343,4.74,11.3104
2025-04-22T00:00:00,175.3997,541.8748,1293.0099,1.5376,4.7501,11.3345
2025-04-23T00:00:00,175.2783,541.4828,1292.0687,1.5365,4.7466,11.3263
2025-04-24T00:00:00,175.04,540.7475,1290.306,1.5344,4.7402,11.3108
2025-04-25T00:00:00,174.8255,540.1055,1288.7839,1.5325,4.7346,11.2975
2025-04-26T00:00:00,176.3279,544.7624,1299.9321,1.5457,4.7754,11.3952
2025-04-27T00:00:00,176.6629,545.8108,1302.4449,1.5486,4.7846,11.4172
2025-04-28T00:00:00,176.3639,544.8824,1300.2257,1.546,4.7764,11.3978
2025-04-29T00:00:00,176.6502,545.7646,1302.3425,1.5485,4.7842,11.4163
2025-04-30T00:00:00,176.8654,546.4656,1304.0297,1.5504,4.7903,11.4311
2025-05-01T00:00:00,176.8581,546.4594,1304.0307,1.5503,4.7903,11.4311
2025-05-02T00:00:00,176.5827,545.6318,1302.0563,1.5479,4.783,11.4138
2025-05-03T00:00:00,176.086,544.0928,1298.3917,1.5436,4.7695,11.3817
2025-05-04T00:00:00,175.6361,542.7049,1295.092,1.5396,4.7574,11.3528
2025-05-05T00:00:00,174.9881,540.7171,1290.3713,1.5339,4.7399,11.3114
2025-05-06T00:00:00,174.2856,538.556,1285.2368,1.5278,4.721,11.2664
2025-05-07T00:00:00,172.0164,531.5425,1268.4778,1.5079,4.6595,11.1195
2025-05-08T00:00:00,168.1888,519.7174,1240.2012,1.4743,4.5558,10.8716
2025-05-09T00:00:00,162.0011,500.5734,1194.4316,1.4201,4.388,10.4704
2025-05-10T00:00:00,154.9712,478.8506,1142.4968,1.3585,4.1976,10.0151
2025-05-11T00:00:00,147.2398,454.947,1085.3432,1.2907,3.9881,9.5141
2025-05-12T00:00:00,139.3023,430.3951,1026.628,1.2211,3.7728,8.9994
2025-05-13T00:00:00,130.6901,403.7629,962.9317,1.1456,3.5394,8.4411
2025-05-14T00:00:00,123.3843,381.1678,908.91,1.0816,3.3413,7.9675
2025-05-15T00:00:00,117.1703,361.9475,862.9612,1.0271,3.1728,7.5647
2025-05-16T00:00:00,112.9437,348.8699,831.6739,0.9901,3.0582,7.2905
2025-05-17T00:00:00,109.4662,338.1069,805.9177,0.9596,2.9638,7.0647
2025-05-18T00:00:00,106.289,328.2708,782.3736,0.9317,2.8776,6.8583
2025-05-19T00:00:00,103.4331,319.4298,761.212,0.9067,2.8001,6.6728
2025-05-20T00:00:00,107.5567,332.1687,791.6897,0.9428,2.9118,6.94
2025-05-21T00:00:00,114.7873,354.5202,845.166,1.0062,3.1077,7.4087
2025-05-22T00:00:00,122.5942,378.655,902.8992,1.0747,3.3193,7.9148
2025-05-23T00:00:00,131.0187,404.7167,965.2567,1.1485,3.5477,8.4614
2025-05-24T00:00:00,139.749,431.7184,1029.8694,1.225,3.7844,9.0278
2025-05-25T00:00:00,148.8631,459.9111,1097.3221,1.3049,4.0316,9.6191
2025-05-26T00:00:00,158.0074,488.202,1165.0107,1.3851,4.2796,10.2125
2025-05-27T00:00:00,160.8002,496.8461,1185.683,1.4096,4.3554,10.3937
2025-05-28T00:00:00,161.3654,498.6002,1189.8561,1.4145,4.3707,10.4303
2025-05-29T00:00:00,161.9737,500.4795,1194.3302,1.4199,4.3872,10.4695
2025-05-30T00:00:00,162.4392,501.9135,1197.7348,1.4239,4.3998,10.4993
2025-05-31T00:00:00,162.6832,502.667,1199.5132,1.4261,4.4064,10.5149
2025-06-01T00:00:00,162.9558,503.5128,1201.5181,1.4285,4.4138,10.5325
2025-06-02T00:00:00,162.9027,503.3452,1201.1055,1.428,4.4123,10.5289
2025-06-03T00:00:00,162.6314,502.5111,1199.0938,1.4256,4.405,10.5113
2025-06-04T00:00:00,162.3998,501.7835,1197.3463,1.4236,4.3986,10.4959
2025-06-05T00:00:00,161.958,500.416,1194.0762,1.4197,4.3866,10.4673
2025-06-06T00:00:00,161.8607,500.1172,1193.3679,1.4189,4.384,10.4611
2025-06-07T00:00:00,161.9734,500.4755,1194.224,1.4199,4.3872,10.4686
2025-06-08T00:00:00,161.7765,499.8707,1192.7801,1.4181,4.3819,10.4559
2025-06-09T00:00:00,161.9763,500.4964,1194.2681,1.4199,4.3874,10.469
2025-06-10T00:00:00,162.0571,500.745,1194.8604,1.4206,4.3895,10.4741
2025-06-11T00:00:00,161.4807,498.9777,1190.6297,1.4155,4.374,10.4371
2025-06-12T00:00:00,151.1072,466.9652,1114.2524,1.3246,4.0934,9.7675
2025-06-13T00:00:00,147.9365,457.1854,1090.8736,1.2968,4.0077,9.5626
2025-06-14T00:00:00,146.5353,452.8672,1080.5428,1.2845,3.9698,9.472
2025-06-15T00:00:00,145.0758,448.3674,1069.7803,1.2717,3.9304,9.3777
2025-06-16T00:00:00,142.246,439.6797,1048.9845,1.2469,3.8542,9.1954
2025-06-17T00:00:00,139.5314,431.3438,1029.0227,1.2231,3.7812,9.0204
2025-06-18T00:00:00,138.9914,429.7029,1025.0981,1.2184,3.7668,8.986
2025-06-19T00:00:00,149.1464,461.056,1099.902,1.3074,4.0416,9.6417
2025-06-20T00:00:00,151.6267,468.7231,1118.2275,1.3292,4.1088,9.8024
2025-06-21T00:00:00,152.0486,470.0304,1121.3682,1.3329,4.1203,9.8299
2025-06-22T00:00:00,152.6467,471.8882,1125.8052,1.3381,4.1366,9.8688
2025-06-23T00:00:00,154.8434,478.6452,1141.9745,1.3574,4.1958,10.0105
2025-06-24T00:00:00,157.7261,487.5318,1163.2499,1.3826,4.2737,10.197
2025-06-25T00:00:00,159.0671,491.6873,1173.1776,1.3944,4.3101,10.2841
